year,category,report_code,status,message
2015,annual,11011,000,
2015,half_year,11012,013,조회된 데이타가 없습니다.
2015,q1,11013,013,조회된 데이타가 없습니다.
2015,q3,11014,013,조회된 데이타가 없습니다.
2016,annual,11011,000,
2016,half_year,11012,000,
2016,q1,11013,000,
2016,q3,11014,000,
2017,annual,11011,000,
2017,half_year,11012,000,
2017,q1,11013,000,
2017,q3,11014,000,
2018,annual,11011,000,
2018,half_year,11012,000,
2018,q1,11013,000,
2018,q3,11014,000,
2019,annual,11011,000,
2019,half_year,11012,000,
2019,q1,11013,000,
2019,q3,11014,000,
2020,annual,11011,000,
2020,half_year,11012,000,
2020,q1,11013,000,
2020,q3,11014,000,
2021,annual,11011,000,
2021,half_year,11012,000,
2021,q1,11013,000,
2021,q3,11014,000,
2022,annual,11011,000,
2022,half_year,11012,000,
2022,q1,11013,000,
2022,q3,11014,000,
2023,annual,11011,000,
2023,half_year,11012,000,
2023,q1,11013,000,
2023,q3,11014,000,
2024,annual,11011,000,
2024,half_year,11012,000,
2024,q1,11013,000,
2024,q3,11014,000,
2025,annual,11011,000,
2025,half_year,11012,000,
2025,q1,11013,000,
2025,q3,11014,000,
2026,annual,11011,013,조회된 데이타가 없습니다.
2026,half_year,11012,000,
2026,q1,11013,000,
2026,q3,11014,013,조회된 데이타가 없습니다.
