year,category,report_nm,rcept_no,rcept_dt,viewer_url
2015,annual,[기재정정]사업보고서 (2014.12),20150515001332,20150515,https://dart.fss.or.kr/dsaf001/main.do?rcpNo=20150515001332
2015,annual,분기보고서 (2015.03),20150515001755,20150515,https://dart.fss.or.kr/dsaf001/main.do?rcpNo=20150515001755
2015,annual,반기보고서 (2015.06),20150812000408,20150812,https://dart.fss.or.kr/dsaf001/main.do?rcpNo=20150812000408
2015,annual,분기보고서 (2015.09),20151112000343,20151112,https://dart.fss.or.kr/dsaf001/main.do?rcpNo=20151112000343
2015,half_year,[기재정정]사업보고서 (2014.12),20150515001332,20150515,https://dart.fss.or.kr/dsaf001/main.do?rcpNo=20150515001332
2015,half_year,분기보고서 (2015.03),20150515001755,20150515,https://dart.fss.or.kr/dsaf001/main.do?rcpNo=20150515001755
2015,half_year,반기보고서 (2015.06),20150812000408,20150812,https://dart.fss.or.kr/dsaf001/main.do?rcpNo=20150812000408
2015,half_year,분기보고서 (2015.09),20151112000343,20151112,https://dart.fss.or.kr/dsaf001/main.do?rcpNo=20151112000343
2015,quarter,[기재정정]사업보고서 (2014.12),20150515001332,20150515,https://dart.fss.or.kr/dsaf001/main.do?rcpNo=20150515001332
2015,quarter,분기보고서 (2015.03),20150515001755,20150515,https://dart.fss.or.kr/dsaf001/main.do?rcpNo=20150515001755
2015,quarter,반기보고서 (2015.06),20150812000408,20150812,https://dart.fss.or.kr/dsaf001/main.do?rcpNo=20150812000408
2015,quarter,분기보고서 (2015.09),20151112000343,20151112,https://dart.fss.or.kr/dsaf001/main.do?rcpNo=20151112000343
2016,annual,[기재정정]사업보고서 (2015.12),20160516001867,20160516,https://dart.fss.or.kr/dsaf001/main.do?rcpNo=20160516001867
2016,annual,분기보고서 (2016.03),20160516001896,20160516,https://dart.fss.or.kr/dsaf001/main.do?rcpNo=20160516001896
2016,annual,반기보고서 (2016.06),20160816001683,20160816,https://dart.fss.or.kr/dsaf001/main.do?rcpNo=20160816001683
2016,annual,분기보고서 (2016.09),20161114001476,20161114,https://dart.fss.or.kr/dsaf001/main.do?rcpNo=20161114001476
2016,half_year,[기재정정]사업보고서 (2015.12),20160516001867,20160516,https://dart.fss.or.kr/dsaf001/main.do?rcpNo=20160516001867
2016,half_year,분기보고서 (2016.03),20160516001896,20160516,https://dart.fss.or.kr/dsaf001/main.do?rcpNo=20160516001896
2016,half_year,반기보고서 (2016.06),20160816001683,20160816,https://dart.fss.or.kr/dsaf001/main.do?rcpNo=20160816001683
2016,half_year,분기보고서 (2016.09),20161114001476,20161114,https://dart.fss.or.kr/dsaf001/main.do?rcpNo=20161114001476
2016,quarter,[기재정정]사업보고서 (2015.12),20160516001867,20160516,https://dart.fss.or.kr/dsaf001/main.do?rcpNo=20160516001867
2016,quarter,분기보고서 (2016.03),20160516001896,20160516,https://dart.fss.or.kr/dsaf001/main.do?rcpNo=20160516001896
2016,quarter,반기보고서 (2016.06),20160816001683,20160816,https://dart.fss.or.kr/dsaf001/main.do?rcpNo=20160816001683
2016,quarter,분기보고서 (2016.09),20161114001476,20161114,https://dart.fss.or.kr/dsaf001/main.do?rcpNo=20161114001476
2017,annual,사업보고서 (2016.12),20170331004537,20170331,https://dart.fss.or.kr/dsaf001/main.do?rcpNo=20170331004537
2017,annual,[기재정정]분기보고서 (2017.03),20170814002171,20170814,https://dart.fss.or.kr/dsaf001/main.do?rcpNo=20170814002171
2017,annual,반기보고서 (2017.06),20170814002182,20170814,https://dart.fss.or.kr/dsaf001/main.do?rcpNo=20170814002182
2017,annual,분기보고서 (2017.09),20171114002328,20171114,https://dart.fss.or.kr/dsaf001/main.do?rcpNo=20171114002328
2017,half_year,사업보고서 (2016.12),20170331004537,20170331,https://dart.fss.or.kr/dsaf001/main.do?rcpNo=20170331004537
2017,half_year,[기재정정]분기보고서 (2017.03),20170814002171,20170814,https://dart.fss.or.kr/dsaf001/main.do?rcpNo=20170814002171
2017,half_year,반기보고서 (2017.06),20170814002182,20170814,https://dart.fss.or.kr/dsaf001/main.do?rcpNo=20170814002182
2017,half_year,분기보고서 (2017.09),20171114002328,20171114,https://dart.fss.or.kr/dsaf001/main.do?rcpNo=20171114002328
2017,quarter,사업보고서 (2016.12),20170331004537,20170331,https://dart.fss.or.kr/dsaf001/main.do?rcpNo=20170331004537
2017,quarter,[기재정정]분기보고서 (2017.03),20170814002171,20170814,https://dart.fss.or.kr/dsaf001/main.do?rcpNo=20170814002171
2017,quarter,반기보고서 (2017.06),20170814002182,20170814,https://dart.fss.or.kr/dsaf001/main.do?rcpNo=20170814002182
2017,quarter,분기보고서 (2017.09),20171114002328,20171114,https://dart.fss.or.kr/dsaf001/main.do?rcpNo=20171114002328
2018,annual,분기보고서 (2018.03),20180515001966,20180515,https://dart.fss.or.kr/dsaf001/main.do?rcpNo=20180515001966
2018,annual,[기재정정]사업보고서 (2017.12),20180615000111,20180615,https://dart.fss.or.kr/dsaf001/main.do?rcpNo=20180615000111
2018,annual,반기보고서 (2018.06),20180814001540,20180814,https://dart.fss.or.kr/dsaf001/main.do?rcpNo=20180814001540
2018,annual,분기보고서 (2018.09),20181114002438,20181114,https://dart.fss.or.kr/dsaf001/main.do?rcpNo=20181114002438
2018,half_year,분기보고서 (2018.03),20180515001966,20180515,https://dart.fss.or.kr/dsaf001/main.do?rcpNo=20180515001966
2018,half_year,[기재정정]사업보고서 (2017.12),20180615000111,20180615,https://dart.fss.or.kr/dsaf001/main.do?rcpNo=20180615000111
2018,half_year,반기보고서 (2018.06),20180814001540,20180814,https://dart.fss.or.kr/dsaf001/main.do?rcpNo=20180814001540
2018,half_year,분기보고서 (2018.09),20181114002438,20181114,https://dart.fss.or.kr/dsaf001/main.do?rcpNo=20181114002438
2018,quarter,분기보고서 (2018.03),20180515001966,20180515,https://dart.fss.or.kr/dsaf001/main.do?rcpNo=20180515001966
2018,quarter,[기재정정]사업보고서 (2017.12),20180615000111,20180615,https://dart.fss.or.kr/dsaf001/main.do?rcpNo=20180615000111
2018,quarter,반기보고서 (2018.06),20180814001540,20180814,https://dart.fss.or.kr/dsaf001/main.do?rcpNo=20180814001540
2018,quarter,분기보고서 (2018.09),20181114002438,20181114,https://dart.fss.or.kr/dsaf001/main.do?rcpNo=20181114002438
2019,annual,[기재정정]사업보고서 (2018.12),20190404002329,20190404,https://dart.fss.or.kr/dsaf001/main.do?rcpNo=20190404002329
2019,annual,분기보고서 (2019.03),20190515002604,20190515,https://dart.fss.or.kr/dsaf001/main.do?rcpNo=20190515002604
2019,annual,반기보고서 (2019.06),20190814002432,20190814,https://dart.fss.or.kr/dsaf001/main.do?rcpNo=20190814002432
2019,annual,분기보고서 (2019.09),20191114002661,20191114,https://dart.fss.or.kr/dsaf001/main.do?rcpNo=20191114002661
2019,half_year,[기재정정]사업보고서 (2018.12),20190404002329,20190404,https://dart.fss.or.kr/dsaf001/main.do?rcpNo=20190404002329
2019,half_year,분기보고서 (2019.03),20190515002604,20190515,https://dart.fss.or.kr/dsaf001/main.do?rcpNo=20190515002604
2019,half_year,반기보고서 (2019.06),20190814002432,20190814,https://dart.fss.or.kr/dsaf001/main.do?rcpNo=20190814002432
2019,half_year,분기보고서 (2019.09),20191114002661,20191114,https://dart.fss.or.kr/dsaf001/main.do?rcpNo=20191114002661
2019,quarter,[기재정정]사업보고서 (2018.12),20190404002329,20190404,https://dart.fss.or.kr/dsaf001/main.do?rcpNo=20190404002329
2019,quarter,분기보고서 (2019.03),20190515002604,20190515,https://dart.fss.or.kr/dsaf001/main.do?rcpNo=20190515002604
2019,quarter,반기보고서 (2019.06),20190814002432,20190814,https://dart.fss.or.kr/dsaf001/main.do?rcpNo=20190814002432
2019,quarter,분기보고서 (2019.09),20191114002661,20191114,https://dart.fss.or.kr/dsaf001/main.do?rcpNo=20191114002661
2020,annual,사업보고서 (2019.12),20200330004441,20200330,https://dart.fss.or.kr/dsaf001/main.do?rcpNo=20200330004441
2020,annual,분기보고서 (2020.03),20200515002346,20200515,https://dart.fss.or.kr/dsaf001/main.do?rcpNo=20200515002346
2020,annual,반기보고서 (2020.06),20200814002431,20200814,https://dart.fss.or.kr/dsaf001/main.do?rcpNo=20200814002431
2020,annual,분기보고서 (2020.09),20201116001609,20201116,https://dart.fss.or.kr/dsaf001/main.do?rcpNo=20201116001609
2020,half_year,사업보고서 (2019.12),20200330004441,20200330,https://dart.fss.or.kr/dsaf001/main.do?rcpNo=20200330004441
2020,half_year,분기보고서 (2020.03),20200515002346,20200515,https://dart.fss.or.kr/dsaf001/main.do?rcpNo=20200515002346
2020,half_year,반기보고서 (2020.06),20200814002431,20200814,https://dart.fss.or.kr/dsaf001/main.do?rcpNo=20200814002431
2020,half_year,분기보고서 (2020.09),20201116001609,20201116,https://dart.fss.or.kr/dsaf001/main.do?rcpNo=20201116001609
2020,quarter,사업보고서 (2019.12),20200330004441,20200330,https://dart.fss.or.kr/dsaf001/main.do?rcpNo=20200330004441
2020,quarter,분기보고서 (2020.03),20200515002346,20200515,https://dart.fss.or.kr/dsaf001/main.do?rcpNo=20200515002346
2020,quarter,반기보고서 (2020.06),20200814002431,20200814,https://dart.fss.or.kr/dsaf001/main.do?rcpNo=20200814002431
2020,quarter,분기보고서 (2020.09),20201116001609,20201116,https://dart.fss.or.kr/dsaf001/main.do?rcpNo=20201116001609
2021,annual,[기재정정]사업보고서 (2020.12),20210330000776,20210330,https://dart.fss.or.kr/dsaf001/main.do?rcpNo=20210330000776
2021,annual,분기보고서 (2021.03),20210517000667,20210517,https://dart.fss.or.kr/dsaf001/main.do?rcpNo=20210517000667
2021,annual,반기보고서 (2021.06),20210817001301,20210817,https://dart.fss.or.kr/dsaf001/main.do?rcpNo=20210817001301
2021,annual,분기보고서 (2021.09),20211115001474,20211115,https://dart.fss.or.kr/dsaf001/main.do?rcpNo=20211115001474
2021,half_year,[기재정정]사업보고서 (2020.12),20210330000776,20210330,https://dart.fss.or.kr/dsaf001/main.do?rcpNo=20210330000776
2021,half_year,분기보고서 (2021.03),20210517000667,20210517,https://dart.fss.or.kr/dsaf001/main.do?rcpNo=20210517000667
2021,half_year,반기보고서 (2021.06),20210817001301,20210817,https://dart.fss.or.kr/dsaf001/main.do?rcpNo=20210817001301
2021,half_year,분기보고서 (2021.09),20211115001474,20211115,https://dart.fss.or.kr/dsaf001/main.do?rcpNo=20211115001474
2021,quarter,[기재정정]사업보고서 (2020.12),20210330000776,20210330,https://dart.fss.or.kr/dsaf001/main.do?rcpNo=20210330000776
2021,quarter,분기보고서 (2021.03),20210517000667,20210517,https://dart.fss.or.kr/dsaf001/main.do?rcpNo=20210517000667
2021,quarter,반기보고서 (2021.06),20210817001301,20210817,https://dart.fss.or.kr/dsaf001/main.do?rcpNo=20210817001301
2021,quarter,분기보고서 (2021.09),20211115001474,20211115,https://dart.fss.or.kr/dsaf001/main.do?rcpNo=20211115001474
2022,annual,사업보고서 (2021.12),20220322000590,20220322,https://dart.fss.or.kr/dsaf001/main.do?rcpNo=20220322000590
2022,annual,분기보고서 (2022.03),20220516001502,20220516,https://dart.fss.or.kr/dsaf001/main.do?rcpNo=20220516001502
2022,annual,반기보고서 (2022.06),20220816001536,20220816,https://dart.fss.or.kr/dsaf001/main.do?rcpNo=20220816001536
2022,annual,분기보고서 (2022.09),20221114001566,20221114,https://dart.fss.or.kr/dsaf001/main.do?rcpNo=20221114001566
2022,half_year,사업보고서 (2021.12),20220322000590,20220322,https://dart.fss.or.kr/dsaf001/main.do?rcpNo=20220322000590
2022,half_year,분기보고서 (2022.03),20220516001502,20220516,https://dart.fss.or.kr/dsaf001/main.do?rcpNo=20220516001502
2022,half_year,반기보고서 (2022.06),20220816001536,20220816,https://dart.fss.or.kr/dsaf001/main.do?rcpNo=20220816001536
2022,half_year,분기보고서 (2022.09),20221114001566,20221114,https://dart.fss.or.kr/dsaf001/main.do?rcpNo=20221114001566
2022,quarter,사업보고서 (2021.12),20220322000590,20220322,https://dart.fss.or.kr/dsaf001/main.do?rcpNo=20220322000590
2022,quarter,분기보고서 (2022.03),20220516001502,20220516,https://dart.fss.or.kr/dsaf001/main.do?rcpNo=20220516001502
2022,quarter,반기보고서 (2022.06),20220816001536,20220816,https://dart.fss.or.kr/dsaf001/main.do?rcpNo=20220816001536
2022,quarter,분기보고서 (2022.09),20221114001566,20221114,https://dart.fss.or.kr/dsaf001/main.do?rcpNo=20221114001566
2023,annual,사업보고서 (2022.12),20230321001209,20230321,https://dart.fss.or.kr/dsaf001/main.do?rcpNo=20230321001209
2023,annual,분기보고서 (2023.03),20230515001677,20230515,https://dart.fss.or.kr/dsaf001/main.do?rcpNo=20230515001677
2023,annual,반기보고서 (2023.06),20230814002376,20230814,https://dart.fss.or.kr/dsaf001/main.do?rcpNo=20230814002376
2023,annual,분기보고서 (2023.09),20231114002574,20231114,https://dart.fss.or.kr/dsaf001/main.do?rcpNo=20231114002574
2023,half_year,사업보고서 (2022.12),20230321001209,20230321,https://dart.fss.or.kr/dsaf001/main.do?rcpNo=20230321001209
2023,half_year,분기보고서 (2023.03),20230515001677,20230515,https://dart.fss.or.kr/dsaf001/main.do?rcpNo=20230515001677
2023,half_year,반기보고서 (2023.06),20230814002376,20230814,https://dart.fss.or.kr/dsaf001/main.do?rcpNo=20230814002376
2023,half_year,분기보고서 (2023.09),20231114002574,20231114,https://dart.fss.or.kr/dsaf001/main.do?rcpNo=20231114002574
2023,quarter,사업보고서 (2022.12),20230321001209,20230321,https://dart.fss.or.kr/dsaf001/main.do?rcpNo=20230321001209
2023,quarter,분기보고서 (2023.03),20230515001677,20230515,https://dart.fss.or.kr/dsaf001/main.do?rcpNo=20230515001677
2023,quarter,반기보고서 (2023.06),20230814002376,20230814,https://dart.fss.or.kr/dsaf001/main.do?rcpNo=20230814002376
2023,quarter,분기보고서 (2023.09),20231114002574,20231114,https://dart.fss.or.kr/dsaf001/main.do?rcpNo=20231114002574
2024,annual,사업보고서 (2023.12),20240319000684,20240319,https://dart.fss.or.kr/dsaf001/main.do?rcpNo=20240319000684
2024,annual,분기보고서 (2024.03),20240516001638,20240516,https://dart.fss.or.kr/dsaf001/main.do?rcpNo=20240516001638
2024,annual,반기보고서 (2024.06),20240814001887,20240814,https://dart.fss.or.kr/dsaf001/main.do?rcpNo=20240814001887
2024,annual,분기보고서 (2024.09),20241114001712,20241114,https://dart.fss.or.kr/dsaf001/main.do?rcpNo=20241114001712
2024,half_year,사업보고서 (2023.12),20240319000684,20240319,https://dart.fss.or.kr/dsaf001/main.do?rcpNo=20240319000684
2024,half_year,분기보고서 (2024.03),20240516001638,20240516,https://dart.fss.or.kr/dsaf001/main.do?rcpNo=20240516001638
2024,half_year,반기보고서 (2024.06),20240814001887,20240814,https://dart.fss.or.kr/dsaf001/main.do?rcpNo=20240814001887
2024,half_year,분기보고서 (2024.09),20241114001712,20241114,https://dart.fss.or.kr/dsaf001/main.do?rcpNo=20241114001712
2024,quarter,사업보고서 (2023.12),20240319000684,20240319,https://dart.fss.or.kr/dsaf001/main.do?rcpNo=20240319000684
2024,quarter,분기보고서 (2024.03),20240516001638,20240516,https://dart.fss.or.kr/dsaf001/main.do?rcpNo=20240516001638
2024,quarter,반기보고서 (2024.06),20240814001887,20240814,https://dart.fss.or.kr/dsaf001/main.do?rcpNo=20240814001887
2024,quarter,분기보고서 (2024.09),20241114001712,20241114,https://dart.fss.or.kr/dsaf001/main.do?rcpNo=20241114001712
2025,annual,사업보고서 (2024.12),20250319000665,20250319,https://dart.fss.or.kr/dsaf001/main.do?rcpNo=20250319000665
2025,annual,분기보고서 (2025.03),20250515002103,20250515,https://dart.fss.or.kr/dsaf001/main.do?rcpNo=20250515002103
2025,annual,반기보고서 (2025.06),20250814003049,20250814,https://dart.fss.or.kr/dsaf001/main.do?rcpNo=20250814003049
2025,annual,분기보고서 (2025.09),20251114001805,20251114,https://dart.fss.or.kr/dsaf001/main.do?rcpNo=20251114001805
2025,half_year,사업보고서 (2024.12),20250319000665,20250319,https://dart.fss.or.kr/dsaf001/main.do?rcpNo=20250319000665
2025,half_year,분기보고서 (2025.03),20250515002103,20250515,https://dart.fss.or.kr/dsaf001/main.do?rcpNo=20250515002103
2025,half_year,반기보고서 (2025.06),20250814003049,20250814,https://dart.fss.or.kr/dsaf001/main.do?rcpNo=20250814003049
2025,half_year,분기보고서 (2025.09),20251114001805,20251114,https://dart.fss.or.kr/dsaf001/main.do?rcpNo=20251114001805
2025,quarter,사업보고서 (2024.12),20250319000665,20250319,https://dart.fss.or.kr/dsaf001/main.do?rcpNo=20250319000665
2025,quarter,분기보고서 (2025.03),20250515002103,20250515,https://dart.fss.or.kr/dsaf001/main.do?rcpNo=20250515002103
2025,quarter,반기보고서 (2025.06),20250814003049,20250814,https://dart.fss.or.kr/dsaf001/main.do?rcpNo=20250814003049
2025,quarter,분기보고서 (2025.09),20251114001805,20251114,https://dart.fss.or.kr/dsaf001/main.do?rcpNo=20251114001805
2026,annual,사업보고서 (2025.12),20260317000635,20260317,https://dart.fss.or.kr/dsaf001/main.do?rcpNo=20260317000635
2026,annual,분기보고서 (2026.03),20260515002287,20260515,https://dart.fss.or.kr/dsaf001/main.do?rcpNo=20260515002287
2026,annual,반기보고서 (2026.06),20260814003509,20260814,https://dart.fss.or.kr/dsaf001/main.do?rcpNo=20260814003509
2026,half_year,사업보고서 (2025.12),20260317000635,20260317,https://dart.fss.or.kr/dsaf001/main.do?rcpNo=20260317000635
2026,half_year,분기보고서 (2026.03),20260515002287,20260515,https://dart.fss.or.kr/dsaf001/main.do?rcpNo=20260515002287
2026,half_year,반기보고서 (2026.06),20260814003509,20260814,https://dart.fss.or.kr/dsaf001/main.do?rcpNo=20260814003509
2026,quarter,사업보고서 (2025.12),20260317000635,20260317,https://dart.fss.or.kr/dsaf001/main.do?rcpNo=20260317000635
2026,quarter,분기보고서 (2026.03),20260515002287,20260515,https://dart.fss.or.kr/dsaf001/main.do?rcpNo=20260515002287
2026,quarter,반기보고서 (2026.06),20260814003509,20260814,https://dart.fss.or.kr/dsaf001/main.do?rcpNo=20260814003509
