year,report_code,fs_div,metric,label,statement,account_nm,value,unit,period_nm,bsns_year,sj_div
2015,11011,CFS,revenue,매출액,IS,매출액,18797998000000.0,KRW,제 68 기,2015,CIS
2015,11011,CFS,cost_of_sales,매출원가,IS,매출원가,10515353000000.0,KRW,제 68 기,2015,CIS
2015,11011,CFS,gross_profit,매출총이익,IS,매출총이익,8282645000000.0,KRW,제 68 기,2015,CIS
2015,11011,CFS,operating_income,영업이익,IS,영업이익(손실),5336100000000.0,KRW,제 68 기,2015,CIS
2015,11011,CFS,net_income,당기순이익,IS,당기순이익(손실),4323595000000.0,KRW,제 68 기,2015,CIS
2015,11011,CFS,total_assets,자산총계,BS,자산총계,29677906000000.0,KRW,제 68 기,2015,BS
2015,11011,CFS,current_assets,유동자산,BS,유동자산,9760030000000.0,KRW,제 68 기,2015,BS
2015,11011,CFS,cash,현금및현금성자산,BS,현금및현금성자산,1175719000000.0,KRW,제 68 기,2015,BS
2015,11011,CFS,inventory,재고자산,BS,재고자산,1923376000000.0,KRW,제 68 기,2015,BS
2015,11011,CFS,total_liabilities,부채총계,BS,부채총계,8290203000000.0,KRW,제 68 기,2015,BS
2015,11011,CFS,current_liabilities,유동부채,BS,유동부채,4840698000000.0,KRW,제 68 기,2015,BS
2015,11011,CFS,total_equity,자본총계,BS,자본총계,21387703000000.0,KRW,제 68 기,2015,BS
2015,11011,CFS,ppe,유형자산,BS,유형자산,16966252000000.0,KRW,제 68 기,2015,BS
2015,11011,CFS,operating_cash_flow,영업활동현금흐름,CF,영업활동현금흐름,9319520000000.0,KRW,제 68 기,2015,CF
2016,11011,CFS,revenue,매출액,IS,매출액,17197975000000.0,KRW,제 69 기,2016,CIS
2016,11011,CFS,cost_of_sales,매출원가,IS,매출원가,10787139000000.0,KRW,제 69 기,2016,CIS
2016,11011,CFS,gross_profit,매출총이익,IS,매출총이익,6410836000000.0,KRW,제 69 기,2016,CIS
2016,11011,CFS,operating_income,영업이익,IS,영업이익(손실),3276746000000.0,KRW,제 69 기,2016,CIS
2016,11011,CFS,net_income,당기순이익,IS,당기순이익(손실),2960483000000.0,KRW,제 69 기,2016,CIS
2016,11011,CFS,total_assets,자산총계,BS,자산총계,32216026000000.0,KRW,제 69 기,2016,BS
2016,11011,CFS,current_assets,유동자산,BS,유동자산,9838982000000.0,KRW,제 69 기,2016,BS
2016,11011,CFS,cash,현금및현금성자산,BS,현금및현금성자산,613786000000.0,KRW,제 69 기,2016,BS
2016,11011,CFS,inventory,재고자산,BS,재고자산,2026198000000.0,KRW,제 69 기,2016,BS
2016,11011,CFS,total_liabilities,부채총계,BS,부채총계,8192496000000.0,KRW,제 69 기,2016,BS
2016,11011,CFS,current_liabilities,유동부채,BS,유동부채,4160849000000.0,KRW,제 69 기,2016,BS
2016,11011,CFS,total_equity,자본총계,BS,자본총계,24023530000000.0,KRW,제 69 기,2016,BS
2016,11011,CFS,ppe,유형자산,BS,유형자산,18777402000000.0,KRW,제 69 기,2016,BS
2016,11011,CFS,operating_cash_flow,영업활동현금흐름,CF,영업활동현금흐름,5548922000000.0,KRW,제 69 기,2016,CF
2016,11012,CFS,revenue,매출액,IS,매출액,3940927000000.0,KRW,제 69 기 반기,2016,CIS
2016,11012,CFS,cost_of_sales,매출원가,IS,매출원가,2689117000000.0,KRW,제 69 기 반기,2016,CIS
2016,11012,CFS,gross_profit,매출총이익,IS,매출총이익,1251810000000.0,KRW,제 69 기 반기,2016,CIS
2016,11012,CFS,operating_income,영업이익,IS,영업이익(손실),452853000000.0,KRW,제 69 기 반기,2016,CIS
2016,11012,CFS,net_income,당기순이익,IS,당기순이익(손실),286132000000.0,KRW,제 69 기 반기,2016,CIS
2016,11012,CFS,total_assets,자산총계,BS,자산총계,29329452000000.0,KRW,제 69 기 반기말,2016,BS
2016,11012,CFS,current_assets,유동자산,BS,유동자산,8356317000000.0,KRW,제 69 기 반기말,2016,BS
2016,11012,CFS,cash,현금및현금성자산,BS,현금및현금성자산,987448000000.0,KRW,제 69 기 반기말,2016,BS
2016,11012,CFS,inventory,재고자산,BS,재고자산,2010992000000.0,KRW,제 69 기 반기말,2016,BS
2016,11012,CFS,total_liabilities,부채총계,BS,부채총계,7628630000000.0,KRW,제 69 기 반기말,2016,BS
2016,11012,CFS,current_liabilities,유동부채,BS,유동부채,3163858000000.0,KRW,제 69 기 반기말,2016,BS
2016,11012,CFS,total_equity,자본총계,BS,자본총계,21700822000000.0,KRW,제 69 기 반기말,2016,BS
2016,11012,CFS,ppe,유형자산,BS,유형자산,17936788000000.0,KRW,제 69 기 반기말,2016,BS
2016,11012,CFS,operating_cash_flow,영업활동현금흐름,CF,영업활동현금흐름,1932535000000.0,KRW,제 69 기 반기,2016,CF
2016,11013,CFS,revenue,매출액,IS,매출액,3655717000000.0,KRW,제 69 기 1분기,2016,CIS
2016,11013,CFS,cost_of_sales,매출원가,IS,매출원가,2337672000000.0,KRW,제 69 기 1분기,2016,CIS
2016,11013,CFS,gross_profit,매출총이익,IS,매출총이익,1318045000000.0,KRW,제 69 기 1분기,2016,CIS
2016,11013,CFS,operating_income,영업이익,IS,영업이익(손실),561798000000.0,KRW,제 69 기 1분기,2016,CIS
2016,11013,CFS,net_income,당기순이익,IS,당기순이익(손실),448026000000.0,KRW,제 69 기 1분기,2016,CIS
2016,11013,CFS,total_assets,자산총계,BS,자산총계,29797655000000.0,KRW,제 69 기 1분기말,2016,BS
2016,11013,CFS,current_assets,유동자산,BS,유동자산,9163101000000.0,KRW,제 69 기 1분기말,2016,BS
2016,11013,CFS,cash,현금및현금성자산,BS,현금및현금성자산,946946000000.0,KRW,제 69 기 1분기말,2016,BS
2016,11013,CFS,inventory,재고자산,BS,재고자산,2193908000000.0,KRW,제 69 기 1분기말,2016,BS
2016,11013,CFS,total_liabilities,부채총계,BS,부채총계,8332966000000.0,KRW,제 69 기 1분기말,2016,BS
2016,11013,CFS,current_liabilities,유동부채,BS,유동부채,4251605000000.0,KRW,제 69 기 1분기말,2016,BS
2016,11013,CFS,total_equity,자본총계,BS,자본총계,21464689000000.0,KRW,제 69 기 1분기말,2016,BS
2016,11013,CFS,ppe,유형자산,BS,유형자산,17666499000000.0,KRW,제 69 기 1분기말,2016,BS
2016,11013,CFS,operating_cash_flow,영업활동현금흐름,CF,영업활동현금흐름,649699000000.0,KRW,제 69 기 1분기,2016,CF
2016,11014,CFS,revenue,매출액,IS,매출액,4243645000000.0,KRW,제 69 기 3분기,2016,CIS
2016,11014,CFS,cost_of_sales,매출원가,IS,매출원가,2792288000000.0,KRW,제 69 기 3분기,2016,CIS
2016,11014,CFS,gross_profit,매출총이익,IS,매출총이익,1451357000000.0,KRW,제 69 기 3분기,2016,CIS
2016,11014,CFS,operating_income,영업이익,IS,영업이익(손실),725956000000.0,KRW,제 69 기 3분기,2016,CIS
2016,11014,CFS,net_income,당기순이익,IS,당기순이익(손실),597751000000.0,KRW,제 69 기 3분기,2016,CIS
2016,11014,CFS,total_assets,자산총계,BS,자산총계,29166995000000.0,KRW,제 69 기 3분기말,2016,BS
2016,11014,CFS,current_assets,유동자산,BS,유동자산,8228379000000.0,KRW,제 69 기 3분기말,2016,BS
2016,11014,CFS,cash,현금및현금성자산,BS,현금및현금성자산,1214703000000.0,KRW,제 69 기 3분기말,2016,BS
2016,11014,CFS,inventory,재고자산,BS,재고자산,1995002000000.0,KRW,제 69 기 3분기말,2016,BS
2016,11014,CFS,total_liabilities,부채총계,BS,부채총계,7162415000000.0,KRW,제 69 기 3분기말,2016,BS
2016,11014,CFS,current_liabilities,유동부채,BS,유동부채,2974257000000.0,KRW,제 69 기 3분기말,2016,BS
2016,11014,CFS,total_equity,자본총계,BS,자본총계,22004580000000.0,KRW,제 69 기 3분기말,2016,BS
2016,11014,CFS,ppe,유형자산,BS,유형자산,17888583000000.0,KRW,제 69 기 3분기말,2016,BS
2016,11014,CFS,operating_cash_flow,영업활동현금흐름,CF,영업활동현금흐름,3569159000000.0,KRW,제 69 기 3분기,2016,CF
2017,11011,CFS,revenue,매출액,IS,매출액,30109434000000.0,KRW,제 70 기,2017,CIS
2017,11011,CFS,cost_of_sales,매출원가,IS,매출원가,12701843000000.0,KRW,제 70 기,2017,CIS
2017,11011,CFS,gross_profit,매출총이익,IS,매출총이익,17407591000000.0,KRW,제 70 기,2017,CIS
2017,11011,CFS,operating_income,영업이익,IS,영업이익,13721326000000.0,KRW,제 70 기,2017,CIS
2017,11011,CFS,net_income,당기순이익,IS,당기순이익,10642219000000.0,KRW,제 70 기,2017,CIS
2017,11011,CFS,total_assets,자산총계,BS,자산총계,45418464000000.0,KRW,제 70 기,2017,BS
2017,11011,CFS,current_assets,유동자산,BS,유동자산,17310444000000.0,KRW,제 70 기,2017,BS
2017,11011,CFS,cash,현금및현금성자산,BS,현금및현금성자산,2949991000000.0,KRW,제 70 기,2017,BS
2017,11011,CFS,inventory,재고자산,BS,재고자산,2640439000000.0,KRW,제 70 기,2017,BS
2017,11011,CFS,total_liabilities,부채총계,BS,부채총계,11597545000000.0,KRW,제 70 기,2017,BS
2017,11011,CFS,current_liabilities,유동부채,BS,유동부채,8116133000000.0,KRW,제 70 기,2017,BS
2017,11011,CFS,total_equity,자본총계,BS,자본총계,33820919000000.0,KRW,제 70 기,2017,BS
2017,11011,CFS,ppe,유형자산,BS,유형자산,24062601000000.0,KRW,제 70 기,2017,BS
2017,11011,CFS,operating_cash_flow,영업활동현금흐름,CF,영업활동현금흐름,14690614000000.0,KRW,제 70 기,2017,CF
2017,11012,CFS,revenue,매출액,IS,매출액,6692278000000.0,KRW,제 70 기 반기,2017,CIS
2017,11012,CFS,cost_of_sales,매출원가,IS,매출원가,2858804000000.0,KRW,제 70 기 반기,2017,CIS
2017,11012,CFS,gross_profit,매출총이익,IS,매출총이익,3833474000000.0,KRW,제 70 기 반기,2017,CIS
2017,11012,CFS,operating_income,영업이익,IS,영업이익(손실),3050700000000.0,KRW,제 70 기 반기,2017,CIS
2017,11012,CFS,net_income,당기순이익,IS,당기순이익(손실),2468509000000.0,KRW,제 70 기 반기,2017,CIS
2017,11012,CFS,total_assets,자산총계,BS,자산총계,37501577000000.0,KRW,제 70 기 반기말,2017,BS
2017,11012,CFS,current_assets,유동자산,BS,유동자산,12290962000000.0,KRW,제 70 기 반기말,2017,BS
2017,11012,CFS,cash,현금및현금성자산,BS,현금및현금성자산,1326003000000.0,KRW,제 70 기 반기말,2017,BS
2017,11012,CFS,inventory,재고자산,BS,재고자산,2424006000000.0,KRW,제 70 기 반기말,2017,BS
2017,11012,CFS,total_liabilities,부채총계,BS,부채총계,9737793000000.0,KRW,제 70 기 반기말,2017,BS
2017,11012,CFS,current_liabilities,유동부채,BS,유동부채,5483352000000.0,KRW,제 70 기 반기말,2017,BS
2017,11012,CFS,total_equity,자본총계,BS,자본총계,27763784000000.0,KRW,제 70 기 반기말,2017,BS
2017,11012,CFS,ppe,유형자산,BS,유형자산,21395285000000.0,KRW,제 70 기 반기말,2017,BS
2017,11012,CFS,operating_cash_flow,영업활동현금흐름,CF,영업활동현금흐름,6104122000000.0,KRW,제 70 기 반기,2017,CF
2017,11013,CFS,revenue,매출액,IS,매출액,6289518000000.0,KRW,제 70 기 1분기,2017,CIS
2017,11013,CFS,cost_of_sales,매출원가,IS,매출원가,2984822000000.0,KRW,제 70 기 1분기,2017,CIS
2017,11013,CFS,gross_profit,매출총이익,IS,매출총이익,3304696000000.0,KRW,제 70 기 1분기,2017,CIS
2017,11013,CFS,operating_income,영업이익,IS,영업이익(손실),2467599000000.0,KRW,제 70 기 1분기,2017,CIS
2017,11013,CFS,net_income,당기순이익,IS,당기순이익(손실),1898678000000.0,KRW,제 70 기 1분기,2017,CIS
2017,11013,CFS,total_assets,자산총계,BS,자산총계,34319500000000.0,KRW,제 70 기 1분기말,2017,BS
2017,11013,CFS,current_assets,유동자산,BS,유동자산,10841409000000.0,KRW,제 70 기 1분기말,2017,BS
2017,11013,CFS,cash,현금및현금성자산,BS,현금및현금성자산,2162786000000.0,KRW,제 70 기 1분기말,2017,BS
2017,11013,CFS,inventory,재고자산,BS,재고자산,2040563000000.0,KRW,제 70 기 1분기말,2017,BS
2017,11013,CFS,total_liabilities,부채총계,BS,부채총계,9150581000000.0,KRW,제 70 기 1분기말,2017,BS
2017,11013,CFS,current_liabilities,유동부채,BS,유동부채,5167516000000.0,KRW,제 70 기 1분기말,2017,BS
2017,11013,CFS,total_equity,자본총계,BS,자본총계,25168919000000.0,KRW,제 70 기 1분기말,2017,BS
2017,11013,CFS,ppe,유형자산,BS,유형자산,19856004000000.0,KRW,제 70 기 1분기말,2017,BS
2017,11013,CFS,operating_cash_flow,영업활동현금흐름,CF,영업활동현금흐름,2820020000000.0,KRW,제 70 기 1분기,2017,CF
2017,11014,CFS,revenue,매출액,IS,매출액,8100085000000.0,KRW,제 70 기 3분기,2017,CIS
2017,11014,CFS,cost_of_sales,매출원가,IS,매출원가,3398157000000.0,KRW,제 70 기 3분기,2017,CIS
2017,11014,CFS,gross_profit,매출총이익,IS,매출총이익,4701928000000.0,KRW,제 70 기 3분기,2017,CIS
2017,11014,CFS,operating_income,영업이익,IS,영업이익,3737193000000.0,KRW,제 70 기 3분기,2017,CIS
2017,11014,CFS,net_income,당기순이익,IS,당기순이익,3055529000000.0,KRW,제 70 기 3분기,2017,CIS
2017,11014,CFS,total_assets,자산총계,BS,자산총계,40730453000000.0,KRW,제 70 기 3분기말,2017,BS
2017,11014,CFS,current_assets,유동자산,BS,유동자산,14557910000000.0,KRW,제 70 기 3분기말,2017,BS
2017,11014,CFS,cash,현금및현금성자산,BS,현금및현금성자산,1123119000000.0,KRW,제 70 기 3분기말,2017,BS
2017,11014,CFS,inventory,재고자산,BS,재고자산,2557403000000.0,KRW,제 70 기 3분기말,2017,BS
2017,11014,CFS,total_liabilities,부채총계,BS,부채총계,9825955000000.0,KRW,제 70 기 3분기말,2017,BS
2017,11014,CFS,current_liabilities,유동부채,BS,유동부채,5642787000000.0,KRW,제 70 기 3분기말,2017,BS
2017,11014,CFS,total_equity,자본총계,BS,자본총계,30904498000000.0,KRW,제 70 기 3분기말,2017,BS
2017,11014,CFS,ppe,유형자산,BS,유형자산,21977158000000.0,KRW,제 70 기 3분기말,2017,BS
2017,11014,CFS,operating_cash_flow,영업활동현금흐름,CF,영업활동현금흐름,9904080000000.0,KRW,제 70 기 3분기,2017,CF
2018,11011,CFS,revenue,매출액,IS,매출액,40445066000000.0,KRW,제 71 기,2018,CIS
2018,11011,CFS,cost_of_sales,매출원가,IS,매출원가,15180838000000.0,KRW,제 71 기,2018,CIS
2018,11011,CFS,gross_profit,매출총이익,IS,매출총이익,25264228000000.0,KRW,제 71 기,2018,CIS
2018,11011,CFS,operating_income,영업이익,IS,영업이익,20843750000000.0,KRW,제 71 기,2018,CIS
2018,11011,CFS,net_income,당기순이익,IS,당기순이익,15539984000000.0,KRW,제 71 기,2018,CIS
2018,11011,CFS,total_assets,자산총계,BS,자산총계,63658335000000.0,KRW,제 71 기,2018,BS
2018,11011,CFS,current_assets,유동자산,BS,유동자산,19894146000000.0,KRW,제 71 기,2018,BS
2018,11011,CFS,cash,현금및현금성자산,BS,현금및현금성자산,2349319000000.0,KRW,제 71 기,2018,BS
2018,11011,CFS,inventory,재고자산,BS,재고자산,4422733000000.0,KRW,제 71 기,2018,BS
2018,11011,CFS,total_liabilities,부채총계,BS,부채총계,16806004000000.0,KRW,제 71 기,2018,BS
2018,11011,CFS,current_liabilities,유동부채,BS,유동부채,13031852000000.0,KRW,제 71 기,2018,BS
2018,11011,CFS,total_equity,자본총계,BS,자본총계,46852331000000.0,KRW,제 71 기,2018,BS
2018,11011,CFS,ppe,유형자산,BS,유형자산,34952617000000.0,KRW,제 71 기,2018,BS
2018,11011,CFS,operating_cash_flow,영업활동현금흐름,CF,영업활동현금흐름,22227199000000.0,KRW,제 71 기,2018,CF
2018,11012,CFS,revenue,매출액,IS,매출액,10370507000000.0,KRW,제 71 기 반기,2018,CIS
2018,11012,CFS,cost_of_sales,매출원가,IS,매출원가,3762243000000.0,KRW,제 71 기 반기,2018,CIS
2018,11012,CFS,gross_profit,매출총이익,IS,매출총이익,6608264000000.0,KRW,제 71 기 반기,2018,CIS
2018,11012,CFS,operating_income,영업이익,IS,영업이익,5573918000000.0,KRW,제 71 기 반기,2018,CIS
2018,11012,CFS,net_income,당기순이익,IS,당기순이익,4328543000000.0,KRW,제 71 기 반기,2018,CIS
2018,11012,CFS,total_assets,자산총계,BS,자산총계,53257080000000.0,KRW,제 71 기 반기말,2018,BS
2018,11012,CFS,current_assets,유동자산,BS,유동자산,15695268000000.0,KRW,제 71 기 반기말,2018,BS
2018,11012,CFS,cash,현금및현금성자산,BS,현금및현금성자산,1187928000000.0,KRW,제 71 기 반기말,2018,BS
2018,11012,CFS,inventory,재고자산,BS,재고자산,3367788000000.0,KRW,제 71 기 반기말,2018,BS
2018,11012,CFS,total_liabilities,부채총계,BS,부채총계,12479404000000.0,KRW,제 71 기 반기말,2018,BS
2018,11012,CFS,current_liabilities,유동부채,BS,유동부채,8727425000000.0,KRW,제 71 기 반기말,2018,BS
2018,11012,CFS,total_equity,자본총계,BS,자본총계,40777676000000.0,KRW,제 71 기 반기말,2018,BS
2018,11012,CFS,ppe,유형자산,BS,유형자산,29311297000000.0,KRW,제 71 기 반기말,2018,BS
2018,11012,CFS,operating_cash_flow,영업활동현금흐름,CF,영업활동현금흐름,8168263000000.0,KRW,제 71 기 반기,2018,CF
2018,11013,CFS,revenue,매출액,IS,매출액,8719691000000.0,KRW,제 71 기 1분기,2018,CIS
2018,11013,CFS,cost_of_sales,매출원가,IS,매출원가,3383214000000.0,KRW,제 71 기 1분기,2018,CIS
2018,11013,CFS,gross_profit,매출총이익,IS,매출총이익,5336477000000.0,KRW,제 71 기 1분기,2018,CIS
2018,11013,CFS,operating_income,영업이익,IS,영업이익,4367338000000.0,KRW,제 71 기 1분기,2018,CIS
2018,11013,CFS,net_income,당기순이익,IS,당기순이익,3121329000000.0,KRW,제 71 기 1분기,2018,CIS
2018,11013,CFS,total_assets,자산총계,BS,자산총계,49125123000000.0,KRW,제 71 기 1분기말,2018,BS
2018,11013,CFS,current_assets,유동자산,BS,유동자산,17632878000000.0,KRW,제 71 기 1분기말,2018,BS
2018,11013,CFS,cash,현금및현금성자산,BS,현금및현금성자산,3477358000000.0,KRW,제 71 기 1분기말,2018,BS
2018,11013,CFS,inventory,재고자산,BS,재고자산,3103142000000.0,KRW,제 71 기 1분기말,2018,BS
2018,11013,CFS,total_liabilities,부채총계,BS,부채총계,12746637000000.0,KRW,제 71 기 1분기말,2018,BS
2018,11013,CFS,current_liabilities,유동부채,BS,유동부채,9352773000000.0,KRW,제 71 기 1분기말,2018,BS
2018,11013,CFS,total_equity,자본총계,BS,자본총계,36378486000000.0,KRW,제 71 기 1분기말,2018,BS
2018,11013,CFS,ppe,유형자산,BS,유형자산,27364769000000.0,KRW,제 71 기 1분기말,2018,BS
2018,11013,CFS,operating_cash_flow,영업활동현금흐름,CF,영업활동현금흐름,4523576000000.0,KRW,제 71 기 1분기,2018,CF
2018,11014,CFS,revenue,매출액,IS,매출액,11416788000000.0,KRW,제 71 기 3분기,2018,CIS
2018,11014,CFS,cost_of_sales,매출원가,IS,매출원가,3871624000000.0,KRW,제 71 기 3분기,2018,CIS
2018,11014,CFS,gross_profit,매출총이익,IS,매출총이익,7545164000000.0,KRW,제 71 기 3분기,2018,CIS
2018,11014,CFS,operating_income,영업이익,IS,영업이익,6472420000000.0,KRW,제 71 기 3분기,2018,CIS
2018,11014,CFS,net_income,당기순이익,IS,당기순이익,4692193000000.0,KRW,제 71 기 3분기,2018,CIS
2018,11014,CFS,total_assets,자산총계,BS,자산총계,57377252000000.0,KRW,제 71 기 3분기말,2018,BS
2018,11014,CFS,current_assets,유동자산,BS,유동자산,17700533000000.0,KRW,제 71 기 3분기말,2018,BS
2018,11014,CFS,cash,현금및현금성자산,BS,현금및현금성자산,2340357000000.0,KRW,제 71 기 3분기말,2018,BS
2018,11014,CFS,inventory,재고자산,BS,재고자산,3686740000000.0,KRW,제 71 기 3분기말,2018,BS
2018,11014,CFS,total_liabilities,부채총계,BS,부채총계,13888426000000.0,KRW,제 71 기 3분기말,2018,BS
2018,11014,CFS,current_liabilities,유동부채,BS,유동부채,10002009000000.0,KRW,제 71 기 3분기말,2018,BS
2018,11014,CFS,total_equity,자본총계,BS,자본총계,43488826000000.0,KRW,제 71 기 3분기말,2018,BS
2018,11014,CFS,ppe,유형자산,BS,유형자산,31259492000000.0,KRW,제 71 기 3분기말,2018,BS
2018,11014,CFS,operating_cash_flow,영업활동현금흐름,CF,영업활동현금흐름,15256517000000.0,KRW,제 71 기 3분기,2018,CF
2019,11011,CFS,revenue,매출액,IS,매출액,26990733000000.0,KRW,제 72 기,2019,CIS
2019,11011,CFS,cost_of_sales,매출원가,IS,매출원가,18825275000000.0,KRW,제 72 기,2019,CIS
2019,11011,CFS,gross_profit,매출총이익,IS,매출총이익,8165458000000.0,KRW,제 72 기,2019,CIS
2019,11011,CFS,operating_income,영업이익,IS,영업이익,2712718000000.0,KRW,제 72 기,2019,CIS
2019,11011,CFS,net_income,당기순이익,IS,당기순이익,2016391000000.0,KRW,제 72 기,2019,CIS
2019,11011,CFS,total_assets,자산총계,BS,자산총계,64789494000000.0,KRW,제 72 기,2019,BS
2019,11011,CFS,current_assets,유동자산,BS,유동자산,14457602000000.0,KRW,제 72 기,2019,BS
2019,11011,CFS,cash,현금및현금성자산,BS,현금및현금성자산,2306070000000.0,KRW,제 72 기,2019,BS
2019,11011,CFS,inventory,재고자산,BS,재고자산,5295835000000.0,KRW,제 72 기,2019,BS
2019,11011,CFS,total_liabilities,부채총계,BS,부채총계,16846299000000.0,KRW,제 72 기,2019,BS
2019,11011,CFS,current_liabilities,유동부채,BS,유동부채,7874033000000.0,KRW,제 72 기,2019,BS
2019,11011,CFS,total_equity,자본총계,BS,자본총계,47943195000000.0,KRW,제 72 기,2019,BS
2019,11011,CFS,ppe,유형자산,BS,유형자산,39949940000000.0,KRW,제 72 기,2019,BS
2019,11011,CFS,operating_cash_flow,영업활동현금흐름,CF,영업활동현금흐름,6483188000000.0,KRW,제 72 기,2019,CF
2019,11012,CFS,revenue,매출액,IS,매출액,6452201000000.0,KRW,제 72 기 반기,2019,CIS
2019,11012,CFS,cost_of_sales,매출원가,IS,매출원가,4435389000000.0,KRW,제 72 기 반기,2019,CIS
2019,11012,CFS,gross_profit,매출총이익,IS,매출총이익,2016812000000.0,KRW,제 72 기 반기,2019,CIS
2019,11012,CFS,operating_income,영업이익,IS,영업이익,637630000000.0,KRW,제 72 기 반기,2019,CIS
2019,11012,CFS,net_income,당기순이익,IS,반기순이익,537025000000.0,KRW,제 72 기 반기,2019,CIS
2019,11012,CFS,total_assets,자산총계,BS,자산총계,63032264000000.0,KRW,제 72 기 반기말,2019,BS
2019,11012,CFS,current_assets,유동자산,BS,유동자산,14242750000000.0,KRW,제 72 기 반기말,2019,BS
2019,11012,CFS,cash,현금및현금성자산,BS,현금및현금성자산,1128775000000.0,KRW,제 72 기 반기말,2019,BS
2019,11012,CFS,inventory,재고자산,BS,재고자산,5588705000000.0,KRW,제 72 기 반기말,2019,BS
2019,11012,CFS,total_liabilities,부채총계,BS,부채총계,15321477000000.0,KRW,제 72 기 반기말,2019,BS
2019,11012,CFS,current_liabilities,유동부채,BS,유동부채,7512771000000.0,KRW,제 72 기 반기말,2019,BS
2019,11012,CFS,total_equity,자본총계,BS,자본총계,47710787000000.0,KRW,제 72 기 반기말,2019,BS
2019,11012,CFS,ppe,유형자산,BS,유형자산,38445358000000.0,KRW,제 72 기 반기말,2019,BS
2019,11012,CFS,operating_cash_flow,영업활동현금흐름,CF,영업활동현금흐름,1402561000000.0,KRW,제 72 기 반기,2019,CF
2019,11013,CFS,revenue,매출액,IS,매출액,6772655000000.0,KRW,제 72 기 1분기,2019,CIS
2019,11013,CFS,cost_of_sales,매출원가,IS,매출원가,4092455000000.0,KRW,제 72 기 1분기,2019,CIS
2019,11013,CFS,gross_profit,매출총이익,IS,매출총이익,2680200000000.0,KRW,제 72 기 1분기,2019,CIS
2019,11013,CFS,operating_income,영업이익,IS,영업이익,1366490000000.0,KRW,제 72 기 1분기,2019,CIS
2019,11013,CFS,net_income,당기순이익,IS,분기순이익,1102130000000.0,KRW,제 72 기 1분기,2019,CIS
2019,11013,CFS,total_assets,자산총계,BS,자산총계,65131501000000.0,KRW,제 72 기 1분기말,2019,BS
2019,11013,CFS,current_assets,유동자산,BS,유동자산,18618236000000.0,KRW,제 72 기 1분기말,2019,BS
2019,11013,CFS,cash,현금및현금성자산,BS,현금및현금성자산,1152257000000.0,KRW,제 72 기 1분기말,2019,BS
2019,11013,CFS,inventory,재고자산,BS,재고자산,5117491000000.0,KRW,제 72 기 1분기말,2019,BS
2019,11013,CFS,total_liabilities,부채총계,BS,부채총계,17965494000000.0,KRW,제 72 기 1분기말,2019,BS
2019,11013,CFS,current_liabilities,유동부채,BS,유동부채,13231722000000.0,KRW,제 72 기 1분기말,2019,BS
2019,11013,CFS,total_equity,자본총계,BS,자본총계,47166007000000.0,KRW,제 72 기 1분기말,2019,BS
2019,11013,CFS,ppe,유형자산,BS,유형자산,36385101000000.0,KRW,제 72 기 1분기말,2019,BS
2019,11013,CFS,operating_cash_flow,영업활동현금흐름,CF,영업활동현금흐름,2630762000000.0,KRW,제 72 기 1분기,2019,CF
2019,11014,CFS,revenue,매출액,IS,매출액,6838766000000.0,KRW,제 72 기 3분기,2019,CIS
2019,11014,CFS,cost_of_sales,매출원가,IS,매출원가,5023127000000.0,KRW,제 72 기 3분기,2019,CIS
2019,11014,CFS,gross_profit,매출총이익,IS,매출총이익,1815639000000.0,KRW,제 72 기 3분기,2019,CIS
2019,11014,CFS,operating_income,영업이익,IS,영업이익,472561000000.0,KRW,제 72 기 3분기,2019,CIS
2019,11014,CFS,net_income,당기순이익,IS,분기순이익,495484000000.0,KRW,제 72 기 3분기,2019,CIS
2019,11014,CFS,total_assets,자산총계,BS,자산총계,63671751000000.0,KRW,제 72 기 3분기말,2019,BS
2019,11014,CFS,current_assets,유동자산,BS,유동자산,14175499000000.0,KRW,제 72 기 3분기말,2019,BS
2019,11014,CFS,cash,현금및현금성자산,BS,현금및현금성자산,1203143000000.0,KRW,제 72 기 3분기말,2019,BS
2019,11014,CFS,inventory,재고자산,BS,재고자산,5473612000000.0,KRW,제 72 기 3분기말,2019,BS
2019,11014,CFS,total_liabilities,부채총계,BS,부채총계,15405525000000.0,KRW,제 72 기 3분기말,2019,BS
2019,11014,CFS,current_liabilities,유동부채,BS,유동부채,6827424000000.0,KRW,제 72 기 3분기말,2019,BS
2019,11014,CFS,total_equity,자본총계,BS,자본총계,48266226000000.0,KRW,제 72 기 3분기말,2019,BS
2019,11014,CFS,ppe,유형자산,BS,유형자산,38937960000000.0,KRW,제 72 기 3분기말,2019,BS
2019,11014,CFS,operating_cash_flow,영업활동현금흐름,CF,영업활동현금흐름,3899615000000.0,KRW,제 72 기 3분기,2019,CF
2020,11011,CFS,revenue,매출액,IS,매출액,31900418000000.0,KRW,제 73 기,2020,CIS
2020,11011,CFS,cost_of_sales,매출원가,IS,매출원가,21089789000000.0,KRW,제 73 기,2020,CIS
2020,11011,CFS,gross_profit,매출총이익,IS,매출총이익,10810629000000.0,KRW,제 73 기,2020,CIS
2020,11011,CFS,operating_income,영업이익,IS,영업이익,5012624000000.0,KRW,제 73 기,2020,CIS
2020,11011,CFS,net_income,당기순이익,IS,당기순이익,4758914000000.0,KRW,제 73 기,2020,CIS
2020,11011,CFS,total_assets,자산총계,BS,자산총계,71173853000000.0,KRW,제 73 기,2020,BS
2020,11011,CFS,current_assets,유동자산,BS,유동자산,16570953000000.0,KRW,제 73 기,2020,BS
2020,11011,CFS,cash,현금및현금성자산,BS,현금및현금성자산,2975989000000.0,KRW,제 73 기,2020,BS
2020,11011,CFS,inventory,재고자산,BS,재고자산,6136318000000.0,KRW,제 73 기,2020,BS
2020,11011,CFS,total_liabilities,부채총계,BS,부채총계,19264756000000.0,KRW,제 73 기,2020,BS
2020,11011,CFS,current_liabilities,유동부채,BS,유동부채,9072360000000.0,KRW,제 73 기,2020,BS
2020,11011,CFS,total_equity,자본총계,BS,자본총계,51909097000000.0,KRW,제 73 기,2020,BS
2020,11011,CFS,ppe,유형자산,BS,유형자산,41230562000000.0,KRW,제 73 기,2020,BS
2020,11011,CFS,operating_cash_flow,영업활동현금흐름,CF,영업활동 현금흐름,12314571000000.0,KRW,제 73 기,2020,CF
2020,11012,CFS,revenue,매출액,IS,매출액,8606534000000.0,KRW,제 73 기 반기,2020,CIS
2020,11012,CFS,cost_of_sales,매출원가,IS,매출원가,5262329000000.0,KRW,제 73 기 반기,2020,CIS
2020,11012,CFS,gross_profit,매출총이익,IS,매출총이익,3344205000000.0,KRW,제 73 기 반기,2020,CIS
2020,11012,CFS,operating_income,영업이익,IS,영업이익,1946715000000.0,KRW,제 73 기 반기,2020,CIS
2020,11012,CFS,net_income,당기순이익,IS,반기순이익,1264260000000.0,KRW,제 73 기 반기,2020,CIS
2020,11012,CFS,total_assets,자산총계,BS,자산총계,69259297000000.0,KRW,제 73 기 반기말,2020,BS
2020,11012,CFS,current_assets,유동자산,BS,유동자산,17362825000000.0,KRW,제 73 기 반기말,2020,BS
2020,11012,CFS,cash,현금및현금성자산,BS,현금및현금성자산,3918249000000.0,KRW,제 73 기 반기말,2020,BS
2020,11012,CFS,inventory,재고자산,BS,재고자산,5814139000000.0,KRW,제 73 기 반기말,2020,BS
2020,11012,CFS,total_liabilities,부채총계,BS,부채총계,19856421000000.0,KRW,제 73 기 반기말,2020,BS
2020,11012,CFS,current_liabilities,유동부채,BS,유동부채,9595472000000.0,KRW,제 73 기 반기말,2020,BS
2020,11012,CFS,total_equity,자본총계,BS,자본총계,49402876000000.0,KRW,제 73 기 반기말,2020,BS
2020,11012,CFS,ppe,유형자산,BS,유형자산,40514288000000.0,KRW,제 73 기 반기말,2020,BS
2020,11012,CFS,operating_cash_flow,영업활동현금흐름,CF,영업활동현금흐름,5686029000000.0,KRW,제 73 기 반기,2020,CF
2020,11013,CFS,revenue,매출액,IS,매출액,7198892000000.0,KRW,제 73 기 1분기,2020,CIS
2020,11013,CFS,cost_of_sales,매출원가,IS,매출원가,5006819000000.0,KRW,제 73 기 1분기,2020,CIS
2020,11013,CFS,gross_profit,매출총이익,IS,매출총이익,2192073000000.0,KRW,제 73 기 1분기,2020,CIS
2020,11013,CFS,operating_income,영업이익,IS,영업이익,800301000000.0,KRW,제 73 기 1분기,2020,CIS
2020,11013,CFS,net_income,당기순이익,IS,분기순이익,649050000000.0,KRW,제 73 기 1분기,2020,CIS
2020,11013,CFS,total_assets,자산총계,BS,자산총계,67142787000000.0,KRW,제 73 기 1분기말,2020,BS
2020,11013,CFS,current_assets,유동자산,BS,유동자산,15799759000000.0,KRW,제 73 기 1분기말,2020,BS
2020,11013,CFS,cash,현금및현금성자산,BS,현금및현금성자산,2169664000000.0,KRW,제 73 기 1분기말,2020,BS
2020,11013,CFS,inventory,재고자산,BS,재고자산,5425680000000.0,KRW,제 73 기 1분기말,2020,BS
2020,11013,CFS,total_liabilities,부채총계,BS,부채총계,18895063000000.0,KRW,제 73 기 1분기말,2020,BS
2020,11013,CFS,current_liabilities,유동부채,BS,유동부채,8707249000000.0,KRW,제 73 기 1분기말,2020,BS
2020,11013,CFS,total_equity,자본총계,BS,자본총계,48247724000000.0,KRW,제 73 기 1분기말,2020,BS
2020,11013,CFS,ppe,유형자산,BS,유형자산,40516546000000.0,KRW,제 73 기 1분기말,2020,BS
2020,11013,CFS,operating_cash_flow,영업활동현금흐름,CF,영업활동현금흐름,2331545000000.0,KRW,제 73 기 1분기,2020,CF
2020,11014,CFS,revenue,매출액,IS,매출액,8128767000000.0,KRW,제 73 기 3분기,2020,CIS
2020,11014,CFS,cost_of_sales,매출원가,IS,매출원가,5285510000000.0,KRW,제 73 기 3분기,2020,CIS
2020,11014,CFS,gross_profit,매출총이익,IS,매출총이익,2843257000000.0,KRW,제 73 기 3분기,2020,CIS
2020,11014,CFS,operating_income,영업이익,IS,영업이익,1299696000000.0,KRW,제 73 기 3분기,2020,CIS
2020,11014,CFS,net_income,당기순이익,IS,분기순이익,1077862000000.0,KRW,제 73 기 3분기,2020,CIS
2020,11014,CFS,total_assets,자산총계,BS,자산총계,69267173000000.0,KRW,제 73 기 3분기말,2020,BS
2020,11014,CFS,current_assets,유동자산,BS,유동자산,17036210000000.0,KRW,제 73 기 3분기말,2020,BS
2020,11014,CFS,cash,현금및현금성자산,BS,현금및현금성자산,2807138000000.0,KRW,제 73 기 3분기말,2020,BS
2020,11014,CFS,inventory,재고자산,BS,재고자산,6150544000000.0,KRW,제 73 기 3분기말,2020,BS
2020,11014,CFS,total_liabilities,부채총계,BS,부채총계,18768114000000.0,KRW,제 73 기 3분기말,2020,BS
2020,11014,CFS,current_liabilities,유동부채,BS,유동부채,8851618000000.0,KRW,제 73 기 3분기말,2020,BS
2020,11014,CFS,total_equity,자본총계,BS,자본총계,50499059000000.0,KRW,제 73 기 3분기말,2020,BS
2020,11014,CFS,ppe,유형자산,BS,유형자산,40712211000000.0,KRW,제 73 기 3분기말,2020,BS
2020,11014,CFS,operating_cash_flow,영업활동현금흐름,CF,영업활동현금흐름,9052744000000.0,KRW,제 73 기 3분기,2020,CF
2021,11011,CFS,revenue,매출액,IS,매출액,42997792000000.0,KRW,제 74 기,2021,CIS
2021,11011,CFS,cost_of_sales,매출원가,IS,매출원가,24045600000000.0,KRW,제 74 기,2021,CIS
2021,11011,CFS,gross_profit,매출총이익,IS,매출총이익,18952192000000.0,KRW,제 74 기,2021,CIS
2021,11011,CFS,operating_income,영업이익,IS,영업이익,12410340000000.0,KRW,제 74 기,2021,CIS
2021,11011,CFS,net_income,당기순이익,IS,당기순이익,9616188000000.0,KRW,제 74 기,2021,CIS
2021,11011,CFS,total_assets,자산총계,BS,자산총계,96386474000000.0,KRW,제 74 기,2021,BS
2021,11011,CFS,current_assets,유동자산,BS,유동자산,26870451000000.0,KRW,제 74 기,2021,BS
2021,11011,CFS,cash,현금및현금성자산,BS,현금및현금성자산,5057982000000.0,KRW,제 74 기,2021,BS
2021,11011,CFS,inventory,재고자산,BS,재고자산,8916605000000.0,KRW,제 74 기,2021,BS
2021,11011,CFS,total_liabilities,부채총계,BS,부채총계,34195416000000.0,KRW,제 74 기,2021,BS
2021,11011,CFS,current_liabilities,유동부채,BS,유동부채,14769356000000.0,KRW,제 74 기,2021,BS
2021,11011,CFS,total_equity,자본총계,BS,자본총계,62191058000000.0,KRW,제 74 기,2021,BS
2021,11011,CFS,ppe,유형자산,BS,유형자산,53034270000000.0,KRW,제 74 기,2021,BS
2021,11011,CFS,operating_cash_flow,영업활동현금흐름,CF,영업활동 현금흐름,19797648000000.0,KRW,제 74 기,2021,CF
2021,11012,CFS,revenue,매출액,IS,매출액,10321671000000.0,KRW,제 74 기 반기,2021,CIS
2021,11012,CFS,cost_of_sales,매출원가,IS,매출원가,5982227000000.0,KRW,제 74 기 반기,2021,CIS
2021,11012,CFS,gross_profit,매출총이익,IS,매출총이익,4339444000000.0,KRW,제 74 기 반기,2021,CIS
2021,11012,CFS,operating_income,영업이익,IS,영업이익,2694574000000.0,KRW,제 74 기 반기,2021,CIS
2021,11012,CFS,net_income,당기순이익,IS,반기순이익,1988424000000.0,KRW,제 74 기 반기,2021,CIS
2021,11012,CFS,total_assets,자산총계,BS,자산총계,77717897000000.0,KRW,제 74 기 반기말,2021,BS
2021,11012,CFS,current_assets,유동자산,BS,유동자산,20099557000000.0,KRW,제 74 기 반기말,2021,BS
2021,11012,CFS,cash,현금및현금성자산,BS,현금및현금성자산,2666351000000.0,KRW,제 74 기 반기말,2021,BS
2021,11012,CFS,inventory,재고자산,BS,재고자산,6226651000000.0,KRW,제 74 기 반기말,2021,BS
2021,11012,CFS,total_liabilities,부채총계,BS,부채총계,22839883000000.0,KRW,제 74 기 반기말,2021,BS
2021,11012,CFS,current_liabilities,유동부채,BS,유동부채,9186924000000.0,KRW,제 74 기 반기말,2021,BS
2021,11012,CFS,total_equity,자본총계,BS,자본총계,54878014000000.0,KRW,제 74 기 반기말,2021,BS
2021,11012,CFS,ppe,유형자산,BS,유형자산,43866891000000.0,KRW,제 74 기 반기말,2021,BS
2021,11012,CFS,operating_cash_flow,영업활동현금흐름,CF,영업활동 현금흐름,7756735000000.0,KRW,제 74 기 반기,2021,CF
2021,11013,CFS,revenue,매출액,IS,매출액,8494188000000.0,KRW,제 74 기 1분기,2021,CIS
2021,11013,CFS,cost_of_sales,매출원가,IS,매출원가,5765640000000.0,KRW,제 74 기 1분기,2021,CIS
2021,11013,CFS,gross_profit,매출총이익,IS,매출총이익,2728548000000.0,KRW,제 74 기 1분기,2021,CIS
2021,11013,CFS,operating_income,영업이익,IS,영업이익,1324421000000.0,KRW,제 74 기 1분기,2021,CIS
2021,11013,CFS,net_income,당기순이익,IS,분기순이익,992640000000.0,KRW,제 74 기 1분기,2021,CIS
2021,11013,CFS,total_assets,자산총계,BS,자산총계,75118008000000.0,KRW,제 74 기 1분기말,2021,BS
2021,11013,CFS,current_assets,유동자산,BS,유동자산,18384877000000.0,KRW,제 74 기 1분기말,2021,BS
2021,11013,CFS,cash,현금및현금성자산,BS,현금및현금성자산,2226144000000.0,KRW,제 74 기 1분기말,2021,BS
2021,11013,CFS,inventory,재고자산,BS,재고자산,6182597000000.0,KRW,제 74 기 1분기말,2021,BS
2021,11013,CFS,total_liabilities,부채총계,BS,부채총계,22739419000000.0,KRW,제 74 기 1분기말,2021,BS
2021,11013,CFS,current_liabilities,유동부채,BS,유동부채,9830992000000.0,KRW,제 74 기 1분기말,2021,BS
2021,11013,CFS,total_equity,자본총계,BS,자본총계,52378589000000.0,KRW,제 74 기 1분기말,2021,BS
2021,11013,CFS,ppe,유형자산,BS,유형자산,43328696000000.0,KRW,제 74 기 1분기말,2021,BS
2021,11013,CFS,operating_cash_flow,영업활동현금흐름,CF,영업활동 현금흐름,3206762000000.0,KRW,제 74 기 1분기,2021,CF
2021,11014,CFS,revenue,매출액,IS,매출액,11805324000000.0,KRW,제 74 기 3분기,2021,CIS
2021,11014,CFS,cost_of_sales,매출원가,IS,매출원가,5974270000000.0,KRW,제 74 기 3분기,2021,CIS
2021,11014,CFS,gross_profit,매출총이익,IS,매출총이익,5831054000000.0,KRW,제 74 기 3분기,2021,CIS
2021,11014,CFS,operating_income,영업이익,IS,영업이익,4171821000000.0,KRW,제 74 기 3분기,2021,CIS
2021,11014,CFS,net_income,당기순이익,IS,분기순이익,3315252000000.0,KRW,제 74 기 3분기,2021,CIS
2021,11014,CFS,total_assets,자산총계,BS,자산총계,83269048000000.0,KRW,제 74 기 3분기말,2021,BS
2021,11014,CFS,current_assets,유동자산,BS,유동자산,24910504000000.0,KRW,제 74 기 3분기말,2021,BS
2021,11014,CFS,cash,현금및현금성자산,BS,현금및현금성자산,2761977000000.0,KRW,제 74 기 3분기말,2021,BS
2021,11014,CFS,inventory,재고자산,BS,재고자산,6600336000000.0,KRW,제 74 기 3분기말,2021,BS
2021,11014,CFS,total_liabilities,부채총계,BS,부채총계,24554602000000.0,KRW,제 74 기 3분기말,2021,BS
2021,11014,CFS,current_liabilities,유동부채,BS,유동부채,10545603000000.0,KRW,제 74 기 3분기말,2021,BS
2021,11014,CFS,total_equity,자본총계,BS,자본총계,58714446000000.0,KRW,제 74 기 3분기말,2021,BS
2021,11014,CFS,ppe,유형자산,BS,유형자산,44307734000000.0,KRW,제 74 기 3분기말,2021,BS
2021,11014,CFS,operating_cash_flow,영업활동현금흐름,CF,영업활동 현금흐름,14023424000000.0,KRW,제 74 기 3분기,2021,CF
2022,11011,CFS,revenue,매출액,IS,매출액,44621568000000.0,KRW,제 75 기,2022,CIS
2022,11011,CFS,cost_of_sales,매출원가,IS,매출원가,28993713000000.0,KRW,제 75 기,2022,CIS
2022,11011,CFS,gross_profit,매출총이익,IS,매출총이익,15627855000000.0,KRW,제 75 기,2022,CIS
2022,11011,CFS,operating_income,영업이익,IS,영업이익,6809417000000.0,KRW,제 75 기,2022,CIS
2022,11011,CFS,net_income,당기순이익,IS,당기순이익,2241669000000.0,KRW,제 75 기,2022,CIS
2022,11011,CFS,total_assets,자산총계,BS,자산총계,103871512000000.0,KRW,제 75 기,2022,BS
2022,11011,CFS,current_assets,유동자산,BS,유동자산,28733332000000.0,KRW,제 75 기,2022,BS
2022,11011,CFS,cash,현금및현금성자산,BS,현금및현금성자산,4977007000000.0,KRW,제 75 기,2022,BS
2022,11011,CFS,inventory,재고자산,BS,재고자산,15664707000000.0,KRW,제 75 기,2022,BS
2022,11011,CFS,total_liabilities,부채총계,BS,부채총계,40580970000000.0,KRW,제 75 기,2022,BS
2022,11011,CFS,current_liabilities,유동부채,BS,유동부채,19843696000000.0,KRW,제 75 기,2022,BS
2022,11011,CFS,total_equity,자본총계,BS,자본총계,63290542000000.0,KRW,제 75 기,2022,BS
2022,11011,CFS,ppe,유형자산,BS,유형자산,60228528000000.0,KRW,제 75 기,2022,BS
2022,11011,CFS,operating_cash_flow,영업활동현금흐름,CF,영업활동 현금흐름,14780517000000.0,KRW,제 75 기,2022,CF
2022,11012,CFS,revenue,매출액,IS,매출액,13811001000000.0,KRW,제 75 기 반기,2022,CIS
2022,11012,CFS,cost_of_sales,매출원가,IS,매출원가,7466622000000.0,KRW,제 75 기 반기,2022,CIS
2022,11012,CFS,gross_profit,매출총이익,IS,매출총이익,6344379000000.0,KRW,제 75 기 반기,2022,CIS
2022,11012,CFS,operating_income,영업이익,IS,영업이익,4192617000000.0,KRW,제 75 기 반기,2022,CIS
2022,11012,CFS,net_income,당기순이익,IS,반기순이익,2876821000000.0,KRW,제 75 기 반기,2022,CIS
2022,11012,CFS,total_assets,자산총계,BS,자산총계,104147622000000.0,KRW,제 75 기 반기말,2022,BS
2022,11012,CFS,current_assets,유동자산,BS,유동자산,29719276000000.0,KRW,제 75 기 반기말,2022,BS
2022,11012,CFS,cash,현금및현금성자산,BS,현금및현금성자산,4546312000000.0,KRW,제 75 기 반기말,2022,BS
2022,11012,CFS,inventory,재고자산,BS,재고자산,11878738000000.0,KRW,제 75 기 반기말,2022,BS
2022,11012,CFS,total_liabilities,부채총계,BS,부채총계,37387462000000.0,KRW,제 75 기 반기말,2022,BS
2022,11012,CFS,current_liabilities,유동부채,BS,유동부채,16869305000000.0,KRW,제 75 기 반기말,2022,BS
2022,11012,CFS,total_equity,자본총계,BS,자본총계,66760160000000.0,KRW,제 75 기 반기말,2022,BS
2022,11012,CFS,ppe,유형자산,BS,유형자산,58113861000000.0,KRW,제 75 기 반기말,2022,BS
2022,11012,CFS,operating_cash_flow,영업활동현금흐름,CF,영업활동 현금흐름,9714893000000.0,KRW,제 75 기 반기,2022,CF
2022,11013,CFS,revenue,매출액,IS,매출액,12155653000000.0,KRW,제 75 기 1분기,2022,CIS
2022,11013,CFS,cost_of_sales,매출원가,IS,매출원가,6747914000000.0,KRW,제 75 기 1분기,2022,CIS
2022,11013,CFS,gross_profit,매출총이익,IS,매출총이익,5407739000000.0,KRW,제 75 기 1분기,2022,CIS
2022,11013,CFS,operating_income,영업이익,IS,영업이익,2859615000000.0,KRW,제 75 기 1분기,2022,CIS
2022,11013,CFS,net_income,당기순이익,IS,분기순이익,1982928000000.0,KRW,제 75 기 1분기,2022,CIS
2022,11013,CFS,total_assets,자산총계,BS,자산총계,99466056000000.0,KRW,제 75 기 1분기말,2022,BS
2022,11013,CFS,current_assets,유동자산,BS,유동자산,27767761000000.0,KRW,제 75 기 1분기말,2022,BS
2022,11013,CFS,cash,현금및현금성자산,BS,현금및현금성자산,4982764000000.0,KRW,제 75 기 1분기말,2022,BS
2022,11013,CFS,inventory,재고자산,BS,재고자산,10392670000000.0,KRW,제 75 기 1분기말,2022,BS
2022,11013,CFS,total_liabilities,부채총계,BS,부채총계,36067417000000.0,KRW,제 75 기 1분기말,2022,BS
2022,11013,CFS,current_liabilities,유동부채,BS,유동부채,16659247000000.0,KRW,제 75 기 1분기말,2022,BS
2022,11013,CFS,total_equity,자본총계,BS,자본총계,63398639000000.0,KRW,제 75 기 1분기말,2022,BS
2022,11013,CFS,ppe,유형자산,BS,유형자산,55320713000000.0,KRW,제 75 기 1분기말,2022,BS
2022,11013,CFS,operating_cash_flow,영업활동현금흐름,CF,영업활동 현금흐름,5141228000000.0,KRW,제 75 기 1분기,2022,CF
2022,11014,CFS,revenue,매출액,IS,매출액,10982883000000.0,KRW,제 75 기 3분기,2022,CIS
2022,11014,CFS,cost_of_sales,매출원가,IS,매출원가,7110221000000.0,KRW,제 75 기 3분기,2022,CIS
2022,11014,CFS,gross_profit,매출총이익,IS,매출총이익,3872662000000.0,KRW,제 75 기 3분기,2022,CIS
2022,11014,CFS,operating_income,영업이익,IS,영업이익,1655560000000.0,KRW,제 75 기 3분기,2022,CIS
2022,11014,CFS,net_income,당기순이익,IS,분기순이익,1102653000000.0,KRW,제 75 기 3분기,2022,CIS
2022,11014,CFS,total_assets,자산총계,BS,자산총계,109545800000000.0,KRW,제 75 기 3분기말,2022,BS
2022,11014,CFS,current_assets,유동자산,BS,유동자산,31896913000000.0,KRW,제 75 기 3분기말,2022,BS
2022,11014,CFS,cash,현금및현금성자산,BS,현금및현금성자산,4719217000000.0,KRW,제 75 기 3분기말,2022,BS
2022,11014,CFS,inventory,재고자산,BS,재고자산,14664974000000.0,KRW,제 75 기 3분기말,2022,BS
2022,11014,CFS,total_liabilities,부채총계,BS,부채총계,40822614000000.0,KRW,제 75 기 3분기말,2022,BS
2022,11014,CFS,current_liabilities,유동부채,BS,유동부채,18383115000000.0,KRW,제 75 기 3분기말,2022,BS
2022,11014,CFS,total_equity,자본총계,BS,자본총계,68723186000000.0,KRW,제 75 기 3분기말,2022,BS
2022,11014,CFS,ppe,유형자산,BS,유형자산,60404219000000.0,KRW,제 75 기 3분기말,2022,BS
2022,11014,CFS,operating_cash_flow,영업활동현금흐름,CF,영업활동 현금흐름,13595720000000.0,KRW,제 75 기 3분기,2022,CF
2023,11011,CFS,revenue,매출액,IS,매출액,32765719000000.0,KRW,제 76 기,2023,CIS
2023,11011,CFS,cost_of_sales,매출원가,IS,매출원가,33299167000000.0,KRW,제 76 기,2023,CIS
2023,11011,CFS,gross_profit,매출총이익,IS,매출총이익,-533448000000.0,KRW,제 76 기,2023,CIS
2023,11011,CFS,operating_income,영업이익,IS,영업이익(손실),-7730313000000.0,KRW,제 76 기,2023,CIS
2023,11011,CFS,net_income,당기순이익,IS,당기순이익(손실),-9137547000000.0,KRW,제 76 기,2023,CIS
2023,11011,CFS,total_assets,자산총계,BS,자산총계,100330165000000.0,KRW,제 76 기,2023,BS
2023,11011,CFS,current_assets,유동자산,BS,유동자산,30468100000000.0,KRW,제 76 기,2023,BS
2023,11011,CFS,cash,현금및현금성자산,BS,현금및현금성자산,7587329000000.0,KRW,제 76 기,2023,BS
2023,11011,CFS,inventory,재고자산,BS,재고자산,13480659000000.0,KRW,제 76 기,2023,BS
2023,11011,CFS,total_liabilities,부채총계,BS,부채총계,46826413000000.0,KRW,제 76 기,2023,BS
2023,11011,CFS,current_liabilities,유동부채,BS,유동부채,21007810000000.0,KRW,제 76 기,2023,BS
2023,11011,CFS,total_equity,자본총계,BS,자본총계,53503752000000.0,KRW,제 76 기,2023,BS
2023,11011,CFS,ppe,유형자산,BS,유형자산,52704853000000.0,KRW,제 76 기,2023,BS
2023,11011,CFS,operating_cash_flow,영업활동현금흐름,CF,영업활동현금흐름,4278191000000.0,KRW,제 76 기,2023,CF
2023,11012,CFS,revenue,매출액,IS,매출액,7305933000000.0,KRW,제 76 기 반기,2023,CIS
2023,11012,CFS,cost_of_sales,매출원가,IS,매출원가,8483761000000.0,KRW,제 76 기 반기,2023,CIS
2023,11012,CFS,gross_profit,매출총이익,IS,매출총이익(손실),-1177828000000.0,KRW,제 76 기 반기,2023,CIS
2023,11012,CFS,operating_income,영업이익,IS,영업이익(손실),-2882084000000.0,KRW,제 76 기 반기,2023,CIS
2023,11012,CFS,net_income,당기순이익,IS,반기순이익(손실),-2987907000000.0,KRW,제 76 기 반기,2023,CIS
2023,11012,CFS,total_assets,자산총계,BS,자산총계,102819007000000.0,KRW,제 76 기 반기말,2023,BS
2023,11012,CFS,current_assets,유동자산,BS,유동자산,29661132000000.0,KRW,제 76 기 반기말,2023,BS
2023,11012,CFS,cash,현금및현금성자산,BS,현금및현금성자산,6040810000000.0,KRW,제 76 기 반기말,2023,BS
2023,11012,CFS,inventory,재고자산,BS,재고자산,16420200000000.0,KRW,제 76 기 반기말,2023,BS
2023,11012,CFS,total_liabilities,부채총계,BS,부채총계,45359957000000.0,KRW,제 76 기 반기말,2023,BS
2023,11012,CFS,current_liabilities,유동부채,BS,유동부채,19776433000000.0,KRW,제 76 기 반기말,2023,BS
2023,11012,CFS,total_equity,자본총계,BS,자본총계,57459050000000.0,KRW,제 76 기 반기말,2023,BS
2023,11012,CFS,ppe,유형자산,BS,유형자산,56597820000000.0,KRW,제 76 기 반기말,2023,BS
2023,11012,CFS,operating_cash_flow,영업활동현금흐름,CF,영업활동 현금흐름,-694049000000.0,KRW,제 76 기 반기,2023,CF
2023,11013,CFS,revenue,매출액,IS,매출액,5088111000000.0,KRW,제 76 기 1분기,2023,CIS
2023,11013,CFS,cost_of_sales,매출원가,IS,매출원가,6733410000000.0,KRW,제 76 기 1분기,2023,CIS
2023,11013,CFS,gross_profit,매출총이익,IS,매출총이익(손실),-1645299000000.0,KRW,제 76 기 1분기,2023,CIS
2023,11013,CFS,operating_income,영업이익,IS,영업이익(손실),-3402302000000.0,KRW,제 76 기 1분기,2023,CIS
2023,11013,CFS,net_income,당기순이익,IS,분기순이익(손실),-2585491000000.0,KRW,제 76 기 1분기,2023,CIS
2023,11013,CFS,total_assets,자산총계,BS,자산총계,104384608000000.0,KRW,제 76 기 1분기말,2023,BS
2023,11013,CFS,current_assets,유동자산,BS,유동자산,28834021000000.0,KRW,제 76 기 1분기말,2023,BS
2023,11013,CFS,cash,현금및현금성자산,BS,현금및현금성자산,4894782000000.0,KRW,제 76 기 1분기말,2023,BS
2023,11013,CFS,inventory,재고자산,BS,재고자산,17182269000000.0,KRW,제 76 기 1분기말,2023,BS
2023,11013,CFS,total_liabilities,부채총계,BS,부채총계,43376074000000.0,KRW,제 76 기 1분기말,2023,BS
2023,11013,CFS,current_liabilities,유동부채,BS,유동부채,17276137000000.0,KRW,제 76 기 1분기말,2023,BS
2023,11013,CFS,total_equity,자본총계,BS,자본총계,61008534000000.0,KRW,제 76 기 1분기말,2023,BS
2023,11013,CFS,ppe,유형자산,BS,유형자산,59225641000000.0,KRW,제 76 기 1분기말,2023,BS
2023,11013,CFS,operating_cash_flow,영업활동현금흐름,CF,영업활동 현금흐름,-2005488000000.0,KRW,제 76 기 1분기,2023,CF
2023,11014,CFS,revenue,매출액,IS,매출액,9066171000000.0,KRW,제 76 기 3분기,2023,CIS
2023,11014,CFS,cost_of_sales,매출원가,IS,매출원가,9002045000000.0,KRW,제 76 기 3분기,2023,CIS
2023,11014,CFS,gross_profit,매출총이익,IS,매출총이익(손실),64126000000.0,KRW,제 76 기 3분기,2023,CIS
2023,11014,CFS,operating_income,영업이익,IS,영업이익(손실),-1791961000000.0,KRW,제 76 기 3분기,2023,CIS
2023,11014,CFS,net_income,당기순이익,IS,기본주당분기순이익(손실),-3174.0,KRW,제 76 기 3분기,2023,CIS
2023,11014,CFS,total_assets,자산총계,BS,자산총계,102049450000000.0,KRW,제 76 기 3분기말,2023,BS
2023,11014,CFS,current_assets,유동자산,BS,유동자산,30393967000000.0,KRW,제 76 기 3분기말,2023,BS
2023,11014,CFS,cash,현금및현금성자산,BS,현금및현금성자산,7122306000000.0,KRW,제 76 기 3분기말,2023,BS
2023,11014,CFS,inventory,재고자산,BS,재고자산,14947895000000.0,KRW,제 76 기 3분기말,2023,BS
2023,11014,CFS,total_liabilities,부채총계,BS,부채총계,46817890000000.0,KRW,제 76 기 3분기말,2023,BS
2023,11014,CFS,current_liabilities,유동부채,BS,유동부채,20250122000000.0,KRW,제 76 기 3분기말,2023,BS
2023,11014,CFS,total_equity,자본총계,BS,자본총계,55231560000000.0,KRW,제 76 기 3분기말,2023,BS
2023,11014,CFS,ppe,유형자산,BS,유형자산,54016964000000.0,KRW,제 76 기 3분기말,2023,BS
2023,11014,CFS,operating_cash_flow,영업활동현금흐름,CF,영업활동 현금흐름,325283000000.0,KRW,제 76 기 3분기,2023,CF
2024,11011,CFS,revenue,매출액,IS,매출액,66192960000000.0,KRW,제 77 기,2024,CIS
2024,11011,CFS,cost_of_sales,매출원가,IS,매출원가,34364814000000.0,KRW,제 77 기,2024,CIS
2024,11011,CFS,gross_profit,매출총이익,IS,매출총이익(손실),31828146000000.0,KRW,제 77 기,2024,CIS
2024,11011,CFS,operating_income,영업이익,IS,영업이익(손실),23467319000000.0,KRW,제 77 기,2024,CIS
2024,11011,CFS,net_income,당기순이익,IS,당기순이익(손실),19796902000000.0,KRW,제 77 기,2024,CIS
2024,11011,CFS,total_assets,자산총계,BS,자산총계,119855209000000.0,KRW,제 77 기,2024,BS
2024,11011,CFS,current_assets,유동자산,BS,유동자산,42278887000000.0,KRW,제 77 기,2024,BS
2024,11011,CFS,cash,현금및현금성자산,BS,현금및현금성자산,11205117000000.0,KRW,제 77 기,2024,BS
2024,11011,CFS,inventory,재고자산,BS,재고자산,13313937000000.0,KRW,제 77 기,2024,BS
2024,11011,CFS,total_liabilities,부채총계,BS,부채총계,45939505000000.0,KRW,제 77 기,2024,BS
2024,11011,CFS,current_liabilities,유동부채,BS,유동부채,24965444000000.0,KRW,제 77 기,2024,BS
2024,11011,CFS,total_equity,자본총계,BS,자본총계,73915704000000.0,KRW,제 77 기,2024,BS
2024,11011,CFS,ppe,유형자산,BS,유형자산,60157474000000.0,KRW,제 77 기,2024,BS
2024,11011,CFS,operating_cash_flow,영업활동현금흐름,CF,영업활동 현금흐름,29795885000000.0,KRW,제 77 기,2024,CF
2024,11012,CFS,revenue,매출액,IS,매출액,16423258000000.0,KRW,제 77 기 반기,2024,CIS
2024,11012,CFS,cost_of_sales,매출원가,IS,매출원가,8926794000000.0,KRW,제 77 기 반기,2024,CIS
2024,11012,CFS,gross_profit,매출총이익,IS,매출총이익(손실),7496464000000.0,KRW,제 77 기 반기,2024,CIS
2024,11012,CFS,operating_income,영업이익,IS,영업이익(손실),5468536000000.0,KRW,제 77 기 반기,2024,CIS
2024,11012,CFS,net_income,당기순이익,IS,기본주당반기순이익(손실),5983.0,KRW,제 77 기 반기,2024,CIS
2024,11012,CFS,total_assets,자산총계,BS,자산총계,105624349000000.0,KRW,제 77 기 반기말,2024,BS
2024,11012,CFS,current_assets,유동자산,BS,유동자산,35683696000000.0,KRW,제 77 기 반기말,2024,BS
2024,11012,CFS,cash,현금및현금성자산,BS,현금및현금성자산,7933829000000.0,KRW,제 77 기 반기말,2024,BS
2024,11012,CFS,inventory,재고자산,BS,재고자산,13354938000000.0,KRW,제 77 기 반기말,2024,BS
2024,11012,CFS,total_liabilities,부채총계,BS,부채총계,45794329000000.0,KRW,제 77 기 반기말,2024,BS
2024,11012,CFS,current_liabilities,유동부채,BS,유동부채,23354170000000.0,KRW,제 77 기 반기말,2024,BS
2024,11012,CFS,total_equity,자본총계,BS,자본총계,59830020000000.0,KRW,제 77 기 반기말,2024,BS
2024,11012,CFS,ppe,유형자산,BS,유형자산,53231992000000.0,KRW,제 77 기 반기말,2024,BS
2024,11012,CFS,operating_cash_flow,영업활동현금흐름,CF,영업활동현금흐름,11015501000000.0,KRW,제 77 기 반기,2024,CF
2024,11013,CFS,revenue,매출액,IS,영업수익,12429598000000.0,KRW,제 77 기 1분기,2024,CIS
2024,11013,CFS,cost_of_sales,매출원가,IS,매출원가,7634953000000.0,KRW,제 77 기 1분기,2024,CIS
2024,11013,CFS,gross_profit,매출총이익,IS,매출총이익(손실),4794645000000.0,KRW,제 77 기 1분기,2024,CIS
2024,11013,CFS,operating_income,영업이익,IS,영업이익(손실),2886029000000.0,KRW,제 77 기 1분기,2024,CIS
2024,11013,CFS,net_income,당기순이익,IS,기본주당분기순이익(손실),2788.0,KRW,제 77 기 1분기,2024,CIS
2024,11013,CFS,total_assets,자산총계,BS,자산총계,103197515000000.0,KRW,제 77 기 1분기말,2024,BS
2024,11013,CFS,current_assets,유동자산,BS,유동자산,33026065000000.0,KRW,제 77 기 1분기말,2024,BS
2024,11013,CFS,cash,현금및현금성자산,BS,현금및현금성자산,8381395000000.0,KRW,제 77 기 1분기말,2024,BS
2024,11013,CFS,inventory,재고자산,BS,재고자산,13844639000000.0,KRW,제 77 기 1분기말,2024,BS
2024,11013,CFS,total_liabilities,부채총계,BS,부채총계,47690113000000.0,KRW,제 77 기 1분기말,2024,BS
2024,11013,CFS,current_liabilities,유동부채,BS,유동부채,23401233000000.0,KRW,제 77 기 1분기말,2024,BS
2024,11013,CFS,total_equity,자본총계,BS,자본총계,55507402000000.0,KRW,제 77 기 1분기말,2024,BS
2024,11013,CFS,ppe,유형자산,BS,유형자산,53163891000000.0,KRW,제 77 기 1분기말,2024,BS
2024,11013,CFS,operating_cash_flow,영업활동현금흐름,CF,영업활동현금흐름,5356478000000.0,KRW,제 77 기 1분기,2024,CF
2024,11014,CFS,revenue,매출액,IS,매출액,17573069000000.0,KRW,제 77 기 3분기,2024,CIS
2024,11014,CFS,cost_of_sales,매출원가,IS,매출원가,8401685000000.0,KRW,제 77 기 3분기,2024,CIS
2024,11014,CFS,gross_profit,매출총이익,IS,매출총이익(손실),9171384000000.0,KRW,제 77 기 3분기,2024,CIS
2024,11014,CFS,operating_income,영업이익,IS,영업이익(손실),7029958000000.0,KRW,제 77 기 3분기,2024,CIS
2024,11014,CFS,net_income,당기순이익,IS,기본주당분기순이익(손실),8344.0,KRW,제 77 기 3분기,2024,CIS
2024,11014,CFS,total_assets,자산총계,BS,자산총계,108367058000000.0,KRW,제 77 기 3분기말,2024,BS
2024,11014,CFS,current_assets,유동자산,BS,유동자산,37078030000000.0,KRW,제 77 기 3분기말,2024,BS
2024,11014,CFS,cash,현금및현금성자산,BS,현금및현금성자산,9135688000000.0,KRW,제 77 기 3분기말,2024,BS
2024,11014,CFS,inventory,재고자산,BS,재고자산,13353865000000.0,KRW,제 77 기 3분기말,2024,BS
2024,11014,CFS,total_liabilities,부채총계,BS,부채총계,43065538000000.0,KRW,제 77 기 3분기말,2024,BS
2024,11014,CFS,current_liabilities,유동부채,BS,유동부채,23031263000000.0,KRW,제 77 기 3분기말,2024,BS
2024,11014,CFS,total_equity,자본총계,BS,자본총계,65301520000000.0,KRW,제 77 기 3분기말,2024,BS
2024,11014,CFS,ppe,유형자산,BS,유형자산,54633704000000.0,KRW,제 77 기 3분기말,2024,BS
2024,11014,CFS,operating_cash_flow,영업활동현금흐름,CF,영업활동현금흐름,18774763000000.0,KRW,제 77 기 3분기,2024,CF
2025,11011,CFS,revenue,매출액,IS,매출액,97146675000000.0,KRW,제 78 기,2025,CIS
2025,11011,CFS,cost_of_sales,매출원가,IS,매출원가,38455885000000.0,KRW,제 78 기,2025,CIS
2025,11011,CFS,gross_profit,매출총이익,IS,매출총이익(손실),58690790000000.0,KRW,제 78 기,2025,CIS
2025,11011,CFS,operating_income,영업이익,IS,영업이익(손실),47206319000000.0,KRW,제 78 기,2025,CIS
2025,11011,CFS,net_income,당기순이익,IS,당기순이익(손실),42947902000000.0,KRW,제 78 기,2025,CIS
2025,11011,CFS,total_assets,자산총계,BS,자산총계,176107659000000.0,KRW,제 78 기,2025,BS
2025,11011,CFS,current_assets,유동자산,BS,유동자산,69458073000000.0,KRW,제 78 기,2025,BS
2025,11011,CFS,cash,현금및현금성자산,BS,현금및현금성자산,14923766000000.0,KRW,제 78 기,2025,BS
2025,11011,CFS,inventory,재고자산,BS,재고자산,14289390000000.0,KRW,제 78 기,2025,BS
2025,11011,CFS,total_liabilities,부채총계,BS,부채총계,55440908000000.0,KRW,제 78 기,2025,BS
2025,11011,CFS,current_liabilities,유동부채,BS,유동부채,37378999000000.0,KRW,제 78 기,2025,BS
2025,11011,CFS,total_equity,자본총계,BS,자본총계,120666751000000.0,KRW,제 78 기,2025,BS
2025,11011,CFS,ppe,유형자산,BS,유형자산,77502704000000.0,KRW,제 78 기,2025,BS
2025,11011,CFS,operating_cash_flow,영업활동현금흐름,CF,영업활동 현금흐름,53373126000000.0,KRW,제 78 기,2025,CF
2025,11012,CFS,revenue,매출액,IS,매출액,22231952000000.0,KRW,제 78 기 반기,2025,CIS
2025,11012,CFS,cost_of_sales,매출원가,IS,매출원가,10248628000000.0,KRW,제 78 기 반기,2025,CIS
2025,11012,CFS,gross_profit,매출총이익,IS,매출총이익,11983324000000.0,KRW,제 78 기 반기,2025,CIS
2025,11012,CFS,operating_income,영업이익,IS,영업이익,9212851000000.0,KRW,제 78 기 반기,2025,CIS
2025,11012,CFS,net_income,당기순이익,IS,반기순이익,6996216000000.0,KRW,제 78 기 반기,2025,CIS
2025,11012,CFS,total_assets,자산총계,BS,자산총계,129087781000000.0,KRW,제 78 기 반기말,2025,BS
2025,11012,CFS,current_assets,유동자산,BS,유동자산,45203170000000.0,KRW,제 78 기 반기말,2025,BS
2025,11012,CFS,cash,현금및현금성자산,BS,현금및현금성자산,9075311000000.0,KRW,제 78 기 반기말,2025,BS
2025,11012,CFS,inventory,재고자산,BS,재고자산,13408333000000.0,KRW,제 78 기 반기말,2025,BS
2025,11012,CFS,total_liabilities,부채총계,BS,부채총계,41945296000000.0,KRW,제 78 기 반기말,2025,BS
2025,11012,CFS,current_liabilities,유동부채,BS,유동부채,25324404000000.0,KRW,제 78 기 반기말,2025,BS
2025,11012,CFS,total_equity,자본총계,BS,자본총계,87142485000000.0,KRW,제 78 기 반기말,2025,BS
2025,11012,CFS,ppe,유형자산,BS,유형자산,64472933000000.0,KRW,제 78 기 반기말,2025,BS
2025,11012,CFS,operating_cash_flow,영업활동현금흐름,CF,영업활동 현금흐름,18189841000000.0,KRW,제 78 기 반기,2025,CF
2025,11013,CFS,revenue,매출액,IS,매출액,17639141000000.0,KRW,제 78 기 1분기,2025,CIS
2025,11013,CFS,cost_of_sales,매출원가,IS,매출원가,7537150000000.0,KRW,제 78 기 1분기,2025,CIS
2025,11013,CFS,gross_profit,매출총이익,IS,매출총이익,10101991000000.0,KRW,제 78 기 1분기,2025,CIS
2025,11013,CFS,operating_income,영업이익,IS,영업이익,7440504000000.0,KRW,제 78 기 1분기,2025,CIS
2025,11013,CFS,net_income,당기순이익,IS,분기순이익,8108195000000.0,KRW,제 78 기 1분기,2025,CIS
2025,11013,CFS,total_assets,자산총계,BS,자산총계,123985470000000.0,KRW,제 78 기 1분기말,2025,BS
2025,11013,CFS,current_assets,유동자산,BS,유동자산,41228190000000.0,KRW,제 78 기 1분기말,2025,BS
2025,11013,CFS,cash,현금및현금성자산,BS,현금및현금성자산,12558069000000.0,KRW,제 78 기 1분기말,2025,BS
2025,11013,CFS,inventory,재고자산,BS,재고자산,14551350000000.0,KRW,제 78 기 1분기말,2025,BS
2025,11013,CFS,total_liabilities,부채총계,BS,부채총계,42546717000000.0,KRW,제 78 기 1분기말,2025,BS
2025,11013,CFS,current_liabilities,유동부채,BS,유동부채,24836401000000.0,KRW,제 78 기 1분기말,2025,BS
2025,11013,CFS,total_equity,자본총계,BS,자본총계,81438753000000.0,KRW,제 78 기 1분기말,2025,BS
2025,11013,CFS,ppe,유형자산,BS,유형자산,63015300000000.0,KRW,제 78 기 1분기말,2025,BS
2025,11013,CFS,operating_cash_flow,영업활동현금흐름,CF,영업활동 현금흐름,9023671000000.0,KRW,제 78 기 1분기,2025,CF
2025,11014,CFS,revenue,매출액,IS,매출액,24448929000000.0,KRW,제 78 기 3분기,2025,CIS
2025,11014,CFS,cost_of_sales,매출원가,IS,매출원가,10419829000000.0,KRW,제 78 기 3분기,2025,CIS
2025,11014,CFS,gross_profit,매출총이익,IS,매출총이익,14029100000000.0,KRW,제 78 기 3분기,2025,CIS
2025,11014,CFS,operating_income,영업이익,IS,영업이익,11383390000000.0,KRW,제 78 기 3분기,2025,CIS
2025,11014,CFS,net_income,당기순이익,IS,분기순이익,12597538000000.0,KRW,제 78 기 3분기,2025,CIS
2025,11014,CFS,total_assets,자산총계,BS,자산총계,148435030000000.0,KRW,제 78 기 3분기말,2025,BS
2025,11014,CFS,current_assets,유동자산,BS,유동자산,57139556000000.0,KRW,제 78 기 3분기말,2025,BS
2025,11014,CFS,cash,현금및현금성자산,BS,현금및현금성자산,10814515000000.0,KRW,제 78 기 3분기말,2025,BS
2025,11014,CFS,inventory,재고자산,BS,재고자산,13156389000000.0,KRW,제 78 기 3분기말,2025,BS
2025,11014,CFS,total_liabilities,부채총계,BS,부채총계,48428751000000.0,KRW,제 78 기 3분기말,2025,BS
2025,11014,CFS,current_liabilities,유동부채,BS,유동부채,29769431000000.0,KRW,제 78 기 3분기말,2025,BS
2025,11014,CFS,total_equity,자본총계,BS,자본총계,100006279000000.0,KRW,제 78 기 3분기말,2025,BS
2025,11014,CFS,ppe,유형자산,BS,유형자산,68145161000000.0,KRW,제 78 기 3분기말,2025,BS
2025,11014,CFS,operating_cash_flow,영업활동현금흐름,CF,영업활동 현금흐름,32511390000000.0,KRW,제 78 기 3분기,2025,CF
2026,11012,CFS,revenue,매출액,IS,매출액,79318746000000.0,KRW,제 79 기 반기,2026,CIS
2026,11012,CFS,cost_of_sales,매출원가,IS,매출원가,13327390000000.0,KRW,제 79 기 반기,2026,CIS
2026,11012,CFS,gross_profit,매출총이익,IS,매출총이익,65991356000000.0,KRW,제 79 기 반기,2026,CIS
2026,11012,CFS,operating_income,영업이익,IS,영업이익,60542608000000.0,KRW,제 79 기 반기,2026,CIS
2026,11012,CFS,net_income,당기순이익,IS,반기순이익,93922593000000.0,KRW,제 79 기 반기,2026,CIS
2026,11012,CFS,total_assets,자산총계,BS,자산총계,348862214000000.0,KRW,제 79 기 반기말,2026,BS
2026,11012,CFS,current_assets,유동자산,BS,유동 자산,156155954000000.0,KRW,제 79 기 반기말,2026,BS
2026,11012,CFS,cash,현금및현금성자산,BS,현금및현금성자산,26835986000000.0,KRW,제 79 기 반기말,2026,BS
2026,11012,CFS,inventory,재고자산,BS,재고자산,17985706000000.0,KRW,제 79 기 반기말,2026,BS
2026,11012,CFS,total_liabilities,부채총계,BS,부채총계,86168986000000.0,KRW,제 79 기 반기말,2026,BS
2026,11012,CFS,current_liabilities,유동부채,BS,유동 부채,60257051000000.0,KRW,제 79 기 반기말,2026,BS
2026,11012,CFS,total_equity,자본총계,BS,자본총계,262693228000000.0,KRW,제 79 기 반기말,2026,BS
2026,11012,CFS,ppe,유형자산,BS,유형자산,88889146000000.0,KRW,제 79 기 반기말,2026,BS
2026,11012,CFS,operating_cash_flow,영업활동현금흐름,CF,영업활동 현금흐름,91742501000000.0,KRW,제 79 기 반기,2026,CF
2026,11013,CFS,revenue,매출액,IS,매출액,52576287000000.0,KRW,제 79 기 1분기,2026,CIS
2026,11013,CFS,cost_of_sales,매출원가,IS,매출원가,10896873000000.0,KRW,제 79 기 1분기,2026,CIS
2026,11013,CFS,gross_profit,매출총이익,IS,매출총이익,41679414000000.0,KRW,제 79 기 1분기,2026,CIS
2026,11013,CFS,operating_income,영업이익,IS,영업이익,37610283000000.0,KRW,제 79 기 1분기,2026,CIS
2026,11013,CFS,net_income,당기순이익,IS,분기순이익,40345909000000.0,KRW,제 79 기 1분기,2026,CIS
2026,11013,CFS,total_assets,자산총계,BS,자산총계,222828744000000.0,KRW,제 79 기 1분기말,2026,BS
2026,11013,CFS,current_assets,유동자산,BS,유동자산,106506116000000.0,KRW,제 79 기 1분기말,2026,BS
2026,11013,CFS,cash,현금및현금성자산,BS,현금및현금성자산,21166904000000.0,KRW,제 79 기 1분기말,2026,BS
2026,11013,CFS,inventory,재고자산,BS,재고자산,15974133000000.0,KRW,제 79 기 1분기말,2026,BS
2026,11013,CFS,total_liabilities,부채총계,BS,부채총계,58448945000000.0,KRW,제 79 기 1분기말,2026,BS
2026,11013,CFS,current_liabilities,유동부채,BS,유동부채,40700530000000.0,KRW,제 79 기 1분기말,2026,BS
2026,11013,CFS,total_equity,자본총계,BS,자본총계,164379799000000.0,KRW,제 79 기 1분기말,2026,BS
2026,11013,CFS,ppe,유형자산,BS,유형자산,82051924000000.0,KRW,제 79 기 1분기말,2026,BS
2026,11013,CFS,operating_cash_flow,영업활동현금흐름,CF,영업활동 현금흐름,26330119000000.0,KRW,제 79 기 1분기,2026,CF
