year,report_code,cash,cost_of_sales,current_assets,current_liabilities,gross_profit,inventory,net_income,operating_cash_flow,operating_income,ppe,revenue,total_assets,total_equity,total_liabilities,operating_margin,net_margin,roe,roa,debt_ratio,current_ratio,asset_turnover,revenue_yoy,operating_income_yoy,net_income_yoy
2015,11011,1175719000000.0,10515353000000.0,9760030000000.0,4840698000000.0,8282645000000.0,1923376000000.0,4323595000000.0,9319520000000.0,5336100000000.0,16966252000000.0,18797998000000.0,29677906000000.0,21387703000000.0,8290203000000.0,28.38653350213145,23.000295031417707,20.215331211584527,14.568396436055833,38.761539750201315,201.62443515377328,0.6334004157840516,,,
2016,11011,613786000000.0,10787139000000.0,9838982000000.0,4160849000000.0,6410836000000.0,2026198000000.0,2960483000000.0,5548922000000.0,3276746000000.0,18777402000000.0,17197975000000.0,32216026000000.0,24023530000000.0,8192496000000.0,19.05309200647169,17.2141371295167,12.323263900018024,9.189472966032495,34.101965864300546,236.46573091212875,0.5338329128490273,-8.511667040288017,-38.5928674500103,-31.527282273200885
2016,11012,987448000000.0,2689117000000.0,8356317000000.0,3163858000000.0,1251810000000.0,2010992000000.0,286132000000.0,1932535000000.0,452853000000.0,17936788000000.0,3940927000000.0,29329452000000.0,21700822000000.0,7628630000000.0,11.49102736488141,7.260525252053641,1.318530698975366,0.9755790868509919,35.153645331960234,264.1179534606168,0.13436756336258857,-8.511667040288017,-38.5928674500103,-31.527282273200885
2016,11013,946946000000.0,2337672000000.0,9163101000000.0,4251605000000.0,1318045000000.0,2193908000000.0,448026000000.0,649699000000.0,561798000000.0,17666499000000.0,3655717000000.0,29797655000000.0,21464689000000.0,8332966000000.0,15.367655647305304,12.255489142075275,2.0872699343559087,1.503561270173777,38.821741139599084,215.52098560426006,0.12268472133125913,-8.511667040288017,-38.5928674500103,-31.527282273200885
2016,11014,1214703000000.0,2792288000000.0,8228379000000.0,2974257000000.0,1451357000000.0,1995002000000.0,597751000000.0,3569159000000.0,725956000000.0,17888583000000.0,4243645000000.0,29166995000000.0,22004580000000.0,7162415000000.0,17.10689749024718,14.085791813405693,2.7164844773224486,2.049408929510908,32.54965557170371,276.6532616381167,0.14549476214467758,-8.511667040288017,-38.5928674500103,-31.527282273200885
2017,11011,2949991000000.0,12701843000000.0,17310444000000.0,8116133000000.0,17407591000000.0,2640439000000.0,10642219000000.0,14690614000000.0,13721326000000.0,24062601000000.0,30109434000000.0,45418464000000.0,33820919000000.0,11597545000000.0,45.57151755160858,35.34513136314685,31.46638031923378,23.43148152258077,34.291040406087134,213.2843806280651,0.6629337795307213,75.07546091909076,318.74853894686987,259.47576797434743
2017,11012,1326003000000.0,2858804000000.0,12290962000000.0,5483352000000.0,3833474000000.0,2424006000000.0,2468509000000.0,6104122000000.0,3050700000000.0,21395285000000.0,6692278000000.0,37501577000000.0,27763784000000.0,9737793000000.0,45.58537466614507,36.885930321483954,8.891111528601432,6.582413854222717,35.07372410043242,224.15051960917336,0.17845324211299168,75.07546091909076,318.74853894686987,259.47576797434743
2017,11013,2162786000000.0,2984822000000.0,10841409000000.0,5167516000000.0,3304696000000.0,2040563000000.0,1898678000000.0,2820020000000.0,2467599000000.0,19856004000000.0,6289518000000.0,34319500000000.0,25168919000000.0,9150581000000.0,39.23351519146618,30.187973068842478,7.543740754221506,5.532359154416586,36.356670701669785,209.79923429361418,0.1832636839114789,75.07546091909076,318.74853894686987,259.47576797434743
2017,11014,1123119000000.0,3398157000000.0,14557910000000.0,5642787000000.0,4701928000000.0,2557403000000.0,3055529000000.0,9904080000000.0,3737193000000.0,21977158000000.0,8100085000000.0,40730453000000.0,30904498000000.0,9825955000000.0,46.13770102412506,37.72218439683041,9.887004150657939,7.501829159621671,31.794578899162186,257.9914854131478,0.19887048641467356,75.07546091909076,318.74853894686987,259.47576797434743
2018,11011,2349319000000.0,15180838000000.0,19894146000000.0,13031852000000.0,25264228000000.0,4422733000000.0,15539984000000.0,22227199000000.0,20843750000000.0,34952617000000.0,40445066000000.0,63658335000000.0,46852331000000.0,16806004000000.0,51.53595249418063,38.42244688140699,33.168006091308456,24.41154642200428,35.870155531856035,152.65785707204165,0.6353459605878791,34.32688904082355,51.907694635343546,46.02202792481531
2018,11012,1187928000000.0,3762243000000.0,15695268000000.0,8727425000000.0,6608264000000.0,3367788000000.0,4328543000000.0,8168263000000.0,5573918000000.0,29311297000000.0,10370507000000.0,53257080000000.0,40777676000000.0,12479404000000.0,53.74778687290795,41.738971874759834,10.614982079900777,8.127638616311671,30.603519435487204,179.8384746932801,0.1947254149119704,34.32688904082355,51.907694635343546,46.02202792481531
2018,11013,3477358000000.0,3383214000000.0,17632878000000.0,9352773000000.0,5336477000000.0,3103142000000.0,3121329000000.0,4523576000000.0,4367338000000.0,27364769000000.0,8719691000000.0,49125123000000.0,36378486000000.0,12746637000000.0,50.085926209999876,35.796325810169186,8.580150916670913,6.353834472841931,35.038943072012394,188.53101641620086,0.1774996268202728,34.32688904082355,51.907694635343546,46.02202792481531
2018,11014,2340357000000.0,3871624000000.0,17700533000000.0,10002009000000.0,7545164000000.0,3686740000000.0,4692193000000.0,15256517000000.0,6472420000000.0,31259492000000.0,11416788000000.0,57377252000000.0,43488826000000.0,13888426000000.0,56.692127417974305,41.09906393987521,10.789422092010485,8.177793178383656,31.935619508330714,176.96977677184654,0.1989776017854602,34.32688904082355,51.907694635343546,46.02202792481531
2019,11011,2306070000000.0,18825275000000.0,14457602000000.0,7874033000000.0,8165458000000.0,5295835000000.0,2016391000000.0,6483188000000.0,2712718000000.0,39949940000000.0,26990733000000.0,64789494000000.0,47943195000000.0,16846299000000.0,10.050553276933975,7.470678917834503,4.205791875155588,3.1122190891010817,35.13803992412271,183.61114310798544,0.4165911991842381,-33.26569673541885,-86.98546086956523,-87.0244975799203
2019,11012,1128775000000.0,4435389000000.0,14242750000000.0,7512771000000.0,2016812000000.0,5588705000000.0,537025000000.0,1402561000000.0,637630000000.0,38445358000000.0,6452201000000.0,63032264000000.0,47710787000000.0,15321477000000.0,9.882364173093801,8.323128805193763,1.1255840319716377,0.8519843107650393,32.11323468631947,189.58051563131633,0.10236346579586607,-33.26569673541885,-86.98546086956523,-87.0244975799203
2019,11013,1152257000000.0,4092455000000.0,18618236000000.0,13231722000000.0,2680200000000.0,5117491000000.0,1102130000000.0,2630762000000.0,1366490000000.0,36385101000000.0,6772655000000.0,65131501000000.0,47166007000000.0,17965494000000.0,20.176577723211945,16.273234056658726,2.336704058921079,1.6921612170430405,38.08991929293485,140.70909289055498,0.10398432242487395,-33.26569673541885,-86.98546086956523,-87.0244975799203
2019,11014,1203143000000.0,5023127000000.0,14175499000000.0,6827424000000.0,1815639000000.0,5473612000000.0,495484000000.0,3899615000000.0,472561000000.0,38937960000000.0,6838766000000.0,63671751000000.0,48266226000000.0,15405525000000.0,6.91003318434934,7.24522523507896,1.0265646209836252,0.778184975626004,31.917815575636677,207.62587763701214,0.10740659543036597,-33.26569673541885,-86.98546086956523,-87.0244975799203
2020,11011,2975989000000.0,21089789000000.0,16570953000000.0,9072360000000.0,10810629000000.0,6136318000000.0,4758914000000.0,12314571000000.0,5012624000000.0,41230562000000.0,31900418000000.0,71173853000000.0,51909097000000.0,19264756000000.0,15.713348959878834,14.918030227691686,9.16778421323723,6.68632341711218,37.11248531254551,182.65316852505853,0.4482041740806136,18.190261820603393,84.78234744636191,136.01146801389214
2020,11012,3918249000000.0,5262329000000.0,17362825000000.0,9595472000000.0,3344205000000.0,5814139000000.0,1264260000000.0,5686029000000.0,1946715000000.0,40514288000000.0,8606534000000.0,69259297000000.0,49402876000000.0,19856421000000.0,22.619035723323698,14.689537042437756,2.559081783011985,1.8254011443402318,40.192844238460935,180.9481076074215,0.12426539645644974,18.190261820603393,84.78234744636191,136.01146801389214
2020,11013,2169664000000.0,5006819000000.0,15799759000000.0,8707249000000.0,2192073000000.0,5425680000000.0,649050000000.0,2331545000000.0,800301000000.0,40516546000000.0,7198892000000.0,67142787000000.0,48247724000000.0,18895063000000.0,11.117002449821445,9.015970791060624,1.3452448036719826,0.966671222628873,39.162599669986506,181.45523344973827,0.1072176524337603,18.190261820603393,84.78234744636191,136.01146801389214
2020,11014,2807138000000.0,5285510000000.0,17036210000000.0,8851618000000.0,2843257000000.0,6150544000000.0,1077862000000.0,9052744000000.0,1299696000000.0,40712211000000.0,8128767000000.0,69267173000000.0,50499059000000.0,18768114000000.0,15.988845540781277,13.259846173472559,2.134419970083007,1.5560935336569892,37.165274703435564,192.46436075302842,0.11735381491604978,18.190261820603393,84.78234744636191,136.01146801389214
2021,11011,5057982000000.0,24045600000000.0,26870451000000.0,14769356000000.0,18952192000000.0,8916605000000.0,9616188000000.0,19797648000000.0,12410340000000.0,53034270000000.0,42997792000000.0,96386474000000.0,62191058000000.0,34195416000000.0,28.862737881982405,22.364376291694235,15.462332221458588,9.976698597772131,54.98445773345744,181.9338026654649,0.44609777923819477,34.78755043272474,147.58170570942485,102.06685811090512
2021,11012,2666351000000.0,5982227000000.0,20099557000000.0,9186924000000.0,4339444000000.0,6226651000000.0,1988424000000.0,7756735000000.0,2694574000000.0,43866891000000.0,10321671000000.0,77717897000000.0,54878014000000.0,22839883000000.0,26.1059861334468,19.264555128718982,3.6233526964004197,2.5585149325386403,41.61936873298659,218.78440487806364,0.13280944799625755,34.78755043272474,147.58170570942485,102.06685811090512
2021,11013,2226144000000.0,5765640000000.0,18384877000000.0,9830992000000.0,2728548000000.0,6182597000000.0,992640000000.0,3206762000000.0,1324421000000.0,43328696000000.0,8494188000000.0,75118008000000.0,52378589000000.0,22739419000000.0,15.592084846721074,11.686108195391954,1.8951255063400045,1.321440792199921,43.41357687203067,187.00937809734765,0.11307791867963272,34.78755043272474,147.58170570942485,102.06685811090512
2021,11014,2761977000000.0,5974270000000.0,24910504000000.0,10545603000000.0,5831054000000.0,6600336000000.0,3315252000000.0,14023424000000.0,4171821000000.0,44307734000000.0,11805324000000.0,83269048000000.0,58714446000000.0,24554602000000.0,35.3384710152809,28.082685405330682,5.646399184282519,3.9813737272461673,41.82037585775739,236.2169711869487,0.14177325529169013,34.78755043272474,147.58170570942485,102.06685811090512
2022,11011,4977007000000.0,28993713000000.0,28733332000000.0,19843696000000.0,15627855000000.0,15664707000000.0,2241669000000.0,14780517000000.0,6809417000000.0,60228528000000.0,44621568000000.0,103871512000000.0,63290542000000.0,40580970000000.0,15.26037139707865,5.023734262319065,3.541870442506244,2.1581172323745514,64.11853764816865,144.79828757707233,0.4295842733087394,3.7764171704444793,-45.1311003566381,-76.68859011491872
2022,11012,4546312000000.0,7466622000000.0,29719276000000.0,16869305000000.0,6344379000000.0,11878738000000.0,2876821000000.0,9714893000000.0,4192617000000.0,58113861000000.0,13811001000000.0,104147622000000.0,66760160000000.0,37387462000000.0,30.357082734263795,20.82992391355268,4.309188294336023,2.7622531794340923,56.002654876800776,176.17368350385507,0.1326098545005665,3.7764171704444793,-45.1311003566381,-76.68859011491872
2022,11013,4982764000000.0,6747914000000.0,27767761000000.0,16659247000000.0,5407739000000.0,10392670000000.0,1982928000000.0,5141228000000.0,2859615000000.0,55320713000000.0,12155653000000.0,99466056000000.0,63398639000000.0,36067417000000.0,23.52498051729512,16.31280524378246,3.127713829945151,1.993572561075509,56.88989159530696,166.6807689447188,0.12220905793228597,3.7764171704444793,-45.1311003566381,-76.68859011491872
2022,11014,4719217000000.0,7110221000000.0,31896913000000.0,18383115000000.0,3872662000000.0,14664974000000.0,1102653000000.0,13595720000000.0,1655560000000.0,60404219000000.0,10982883000000.0,109545800000000.0,68723186000000.0,40822614000000.0,15.074001971977669,10.039740931411178,1.6044846931281678,1.0065680290800743,59.40151552345084,173.51201360596394,0.10025836682008804,3.7764171704444793,-45.1311003566381,-76.68859011491872
2023,11011,7587329000000.0,33299167000000.0,30468100000000.0,21007810000000.0,-533448000000.0,13480659000000.0,-9137547000000.0,4278191000000.0,-7730313000000.0,52704853000000.0,32765719000000.0,100330165000000.0,53503752000000.0,46826413000000.0,-23.592685391704666,-27.887521711334944,-17.078329385199005,-9.107477297580443,87.5198677655354,145.0322522909337,0.32657894064063386,-26.56977226797588,-213.5238596784424,-507.6224902070733
2023,11012,6040810000000.0,8483761000000.0,29661132000000.0,19776433000000.0,-1177828000000.0,16420200000000.0,-2987907000000.0,-694049000000.0,-2882084000000.0,56597820000000.0,7305933000000.0,102819007000000.0,57459050000000.0,45359957000000.0,-39.448541343042706,-40.89699426479822,-5.200063349463662,-2.905987022418919,78.9431029576716,149.98221367827048,0.07105624935669724,-26.56977226797588,-213.5238596784424,-507.6224902070733
2023,11013,4894782000000.0,6733410000000.0,28834021000000.0,17276137000000.0,-1645299000000.0,17182269000000.0,-2585491000000.0,-2005488000000.0,-3402302000000.0,59225641000000.0,5088111000000.0,104384608000000.0,61008534000000.0,43376074000000.0,-66.86768429383714,-50.814359199317785,-4.237916944537628,-2.4768891214306232,71.09837125409373,166.90085868154438,0.04874388185660476,-26.56977226797588,-213.5238596784424,-507.6224902070733
2023,11014,7122306000000.0,9002045000000.0,30393967000000.0,20250122000000.0,64126000000.0,14947895000000.0,-3174.0,325283000000.0,-1791961000000.0,54016964000000.0,9066171000000.0,102049450000000.0,55231560000000.0,46817890000000.0,-19.765356289882465,-3.5009266866905556e-08,-5.746714378518369e-09,-3.110256841168669e-09,84.76655376020523,150.09275993497718,0.08884095896646185,-26.56977226797588,-213.5238596784424,-507.6224902070733
2024,11011,11205117000000.0,34364814000000.0,42278887000000.0,24965444000000.0,31828146000000.0,13313937000000.0,19796902000000.0,29795885000000.0,23467319000000.0,60157474000000.0,66192960000000.0,119855209000000.0,73915704000000.0,45939505000000.0,35.452892573470045,29.907866335030192,26.783079817517535,16.517348027819136,62.15121079006431,169.34962983233945,0.5522743696521358,102.0189454716376,-403.5752756712439,-316.65444785126687
2024,11012,7933829000000.0,8926794000000.0,35683696000000.0,23354170000000.0,7496464000000.0,13354938000000.0,5983.0,11015501000000.0,5468536000000.0,53231992000000.0,16423258000000.0,105624349000000.0,59830020000000.0,45794329000000.0,33.29751015297939,3.643004329591607e-08,9.999996657196504e-09,5.664413609782343e-09,76.54072153076332,152.79368095719096,0.15548742458994944,102.0189454716376,-403.5752756712439,-316.65444785126687
2024,11013,8381395000000.0,7634953000000.0,33026065000000.0,23401233000000.0,4794645000000.0,13844639000000.0,2788.0,5356478000000.0,2886029000000.0,53163891000000.0,12429598000000.0,103197515000000.0,55507402000000.0,47690113000000.0,23.21900515205721,2.243033121425166e-08,5.022753541951036e-09,2.701615441030726e-09,85.91667287905133,141.12959347056628,0.12044474132928491,102.0189454716376,-403.5752756712439,-316.65444785126687
2024,11014,9135688000000.0,8401685000000.0,37078030000000.0,23031263000000.0,9171384000000.0,13353865000000.0,8344.0,18774763000000.0,7029958000000.0,54633704000000.0,17573069000000.0,108367058000000.0,65301520000000.0,43065538000000.0,40.004156359939174,4.7481746074063674e-08,1.2777650504919336e-08,7.699756876300915e-09,65.94875280085364,160.9899986813576,0.16216246269230636,102.0189454716376,-403.5752756712439,-316.65444785126687
2025,11011,14923766000000.0,38455885000000.0,69458073000000.0,37378999000000.0,58690790000000.0,14289390000000.0,42947902000000.0,53373126000000.0,47206319000000.0,77502704000000.0,97146675000000.0,176107659000000.0,120666751000000.0,55440908000000.0,48.59283037736495,44.20933809623438,35.59215910271754,24.38729936214756,45.94547175634156,185.8211157554005,0.5516323114601166,46.762850611303676,101.15769935202228,116.94253979738849
2025,11012,9075311000000.0,10248628000000.0,45203170000000.0,25324404000000.0,11983324000000.0,13408333000000.0,6996216000000.0,18189841000000.0,9212851000000.0,64472933000000.0,22231952000000.0,129087781000000.0,87142485000000.0,41945296000000.0,41.43968554807963,31.469193528305567,8.028478875717166,5.419735273007753,48.13415178600886,178.49648110178623,0.1722235197458387,46.762850611303676,101.15769935202228,116.94253979738849
2025,11013,12558069000000.0,7537150000000.0,41228190000000.0,24836401000000.0,10101991000000.0,14551350000000.0,8108195000000.0,9023671000000.0,7440504000000.0,63015300000000.0,17639141000000.0,123985470000000.0,81438753000000.0,42546717000000.0,42.181781981333444,45.967062681793855,9.956187565887705,6.539633232829621,52.24382180802793,165.9990511507686,0.1422678076713344,46.762850611303676,101.15769935202228,116.94253979738849
2025,11014,10814515000000.0,10419829000000.0,57139556000000.0,29769431000000.0,14029100000000.0,13156389000000.0,12597538000000.0,32511390000000.0,11383390000000.0,68145161000000.0,24448929000000.0,148435030000000.0,100006279000000.0,48428751000000.0,46.55987180460952,51.52592982702841,12.596747050252716,8.486903664182236,48.42571034964715,191.94036997213686,0.16471131511207293,46.762850611303676,101.15769935202228,116.94253979738849
2026,11012,26835986000000.0,13327390000000.0,156155954000000.0,60257051000000.0,65991356000000.0,17985706000000.0,93922593000000.0,91742501000000.0,60542608000000.0,88889146000000.0,79318746000000.0,348862214000000.0,262693228000000.0,86168986000000.0,76.32824654086185,118.411595917061,35.75371687921852,26.922546848252242,32.80213451105789,259.1496785994389,0.2273641077104441,,,
2026,11013,21166904000000.0,10896873000000.0,106506116000000.0,40700530000000.0,41679414000000.0,15974133000000.0,40345909000000.0,26330119000000.0,37610283000000.0,82051924000000.0,52576287000000.0,222828744000000.0,164379799000000.0,58448945000000.0,71.53468825213922,76.73784381160274,24.54432311357188,18.10624081783632,35.55725542650165,261.68238104024687,0.23594930373973655,,,
